gene_id	z_male	p_male	z_female	p_female	coding	coding_raw	trait_index	trait	z_diff_male_minus_female	p_diff	q_diff_bh	male_sig	female_sig	stronger_sex	gene_symbol	category
79582	-3.1491	0.99918	4.4154	5.0416e-06	continuous	SI_continuous	2	FreqSoc	-5.348909246285638	8.848589625136815e-08	0.0022246239176556466	False	False	female	SPAG16	sex_differential
100129792	-2.7031	0.99656	4.5181	3.1191e-06	binary	SI	2	FreqSoc	-5.1061594883042964	3.287722321368042e-07	0.008265662688151394	False	False	female	CCDC152	sex_differential
6414	-2.4522	0.9929	4.5313	2.9313e-06	binary	SI	2	FreqSoc	-4.938080206416254	7.889539544080803e-07	0.009917545683886773	False	False	female	SELENOP	sex_differential
6414	-2.4941	0.99369	4.4014	5.3778e-06	continuous	SI_continuous	3	Loneliness	-4.875854809671838	1.0833827424342502e-06	0.027237325527539484	False	False	female	SELENOP	sex_differential
6414	-2.5182	0.9941	4.2003	1.3326e-05	binary	SI	3	Loneliness	-4.750696909401819	2.0271678541164826e-06	0.04091708594733197	False	False	female	SELENOP	sex_differential
100129792	-2.3372	0.99029	4.3506	6.7889e-06	continuous	SI_continuous	3	Loneliness	-4.728988731219393	2.2564090565247042e-06	0.028364190045043796	False	False	female	CCDC152	sex_differential
57130	-3.4973	0.99977	3.0998	0.00096841	binary	SI	1	AbilityToConfide	-4.664854146165773	3.088360158207565e-06	0.0776444627374964	False	False	female	ATP13A1	sex_differential
100129792	-2.4189	0.99222	4.1629	1.5715e-05	binary	SI	3	Loneliness	-4.654035412413617	3.2550086271295467e-06	0.04091708594733197	False	False	female	CCDC152	sex_differential
80031	-0.46111	0.67764	5.9928	1.0314e-09	continuous	SI_continuous	1	AbilityToConfide	-4.56360352616767	5.028299677597862e-06	0.12641648219448787	False	True	female	SEMA6D	female_specific
1944	3.9057	4.6982e-05	-2.3735	0.99119	binary	SI	3	Loneliness	4.440064900426568	8.993175268109486e-06	0.07536580647184686	False	False	male	EFNA3	sex_differential
80816	-1.843	0.96734	4.3947	5.5474e-06	binary	SI	2	FreqSoc	-4.410719969007327	1.0302748550626029e-05	0.08634046710376299	False	False	female	ASXL3	not_significant
54344	4.4116	5.1316e-06	-1.744	0.95942	binary	SI	3	Loneliness	4.352666502271911	1.3449165822661745e-05	0.08388050341799527	False	False	male	DPM3	not_significant
55813	-3.1231	0.99911	2.9883	0.0014028	continuous	SI_continuous	1	AbilityToConfide	-4.321412382543466	1.5503361347949078e-05	0.14488850634531955	False	False	female	UTP6	not_significant
55974	4.4742	3.8356e-06	-1.6143	0.94677	binary	SI	3	Loneliness	4.305219637254294	1.668201412394003e-05	0.08388050341799527	False	False	male	SLC50A1	not_significant
130540	3.1191	0.000907	-2.9582	0.99845	continuous	SI_continuous	1	AbilityToConfide	4.297300041305005	1.7289110180023017e-05	0.14488850634531955	False	False	male	FLACC1	not_significant
54344	4.1715	1.5127e-05	-1.8705	0.96929	continuous	SI_continuous	3	Loneliness	4.2723391719291195	1.9343305860980946e-05	0.1478974897615436	False	False	male	DPM3	not_significant
1944	3.9067	4.679e-05	-2.107	0.98244	binary	SI	2	FreqSoc	4.252328050021541	2.115596454892417e-05	0.13297052618112565	False	False	male	EFNA3	not_significant
8841	2.7418	0.0030554	-3.2536	0.99943	binary	SI	1	AbilityToConfide	4.239387995925827	2.241299859427676e-05	0.281742598829356	False	False	male	HDAC3	not_significant
347862	1.627	0.051867	-4.3277	0.99999	binary	SI	3	Loneliness	4.210608749931534	2.5468348827199653e-05	0.10671662631077107	False	False	male	GATD1	not_significant
353500	2.5741	0.0050253	-3.3495	0.9996	continuous	SI_continuous	2	FreqSoc	4.188617729036633	2.806587021461143e-05	0.23652377905394095	False	False	male	BMP8A	not_significant
27019	-2.3605	0.99088	3.5613	0.00018452	continuous	SI_continuous	2	FreqSoc	-4.187344936830497	2.822367197652531e-05	0.23652377905394095	False	False	female	DNAI1	not_significant
137868	-1.8629	0.96876	4.0354	2.7254e-05	continuous	SI_continuous	3	Loneliness	-4.170727927472613	3.0362819556225254e-05	0.1478974897615436	False	False	female	SGCZ	not_significant
79751	2.2149	0.013382	-3.6809	0.99988	binary	SI	3	Loneliness	4.168960160519647	3.059924639377186e-05	0.10989937908368833	False	False	male	SLC25A22	not_significant
105371238	-3.4966	0.99976	2.3774	0.0087174	continuous	SI_continuous	3	Loneliness	-4.153545232689781	3.273634654032564e-05	0.1478974897615436	False	False	female	LINC02134	not_significant
55974	4.2358	1.1389e-05	-1.6138	0.94671	continuous	SI_continuous	3	Loneliness	4.1362918272288285	3.529632626264912e-05	0.1478974897615436	False	False	male	SLC50A1	not_significant
79751	2.257	0.012003	-3.4733	0.99974	continuous	SI_continuous	3	Loneliness	4.051933988233273	5.079599832111886e-05	0.18243745625589275	False	False	male	SLC25A22	not_significant
80816	-1.1559	0.87615	4.548	2.7074e-06	binary	SI	3	Loneliness	-4.033266369209948	5.500686717318645e-05	0.17286595595013507	False	False	female	ASXL3	not_significant
256126	-2.9925	0.99862	2.6704	0.0037876	binary	SI	1	AbilityToConfide	-4.0042749911813	6.220796879394496e-05	0.5191213367159558	False	False	female	SYCE2	not_significant
106144585	2.7732	0.0027756	-2.7886	0.99735	binary	SI	3	Loneliness	3.93278649560334	8.396681208259357e-05	0.19476519966899628	False	False	male	LINC01318	not_significant
137868	-1.5717	0.94199	3.9896	3.3092e-05	binary	SI	3	Loneliness	-3.9324329422127464	8.40904415479167e-05	0.19476519966899628	False	False	female	SGCZ	not_significant
7137	1.9654	0.024682	-3.5839	0.99983	binary	SI	3	Loneliness	3.9239476608385075	8.71096682957753e-05	0.19476519966899628	False	False	male	TNNI3	not_significant
1944	3.7534	8.7235e-05	-1.7766	0.96219	continuous	SI_continuous	3	Loneliness	3.9103004999616076	9.218136901606939e-05	0.2825593626387058	False	False	male	EFNA3	not_significant
51286	2.0532	0.020025	-3.4695	0.99974	binary	SI	3	Loneliness	3.905138620458946	9.417138853359438e-05	0.19476519966899628	False	False	male	CEND1	not_significant
6683	-1.0075	0.84316	4.4947	3.4837e-06	binary	SI	2	FreqSoc	-3.8906429314446216	9.997896431606169e-05	0.4207636412904694	False	False	female	SPAST	not_significant
7485	-3.1836	0.99927	2.3171	0.010249	binary	SI	2	FreqSoc	-3.889582271272842	0.00010041692246699878	0.4207636412904694	False	False	female	GET1	not_significant
352909	1.8819	0.029925	-3.6178	0.99985	binary	SI	3	Loneliness	3.888875164491655	0.00010070989999192361	0.19476519966899628	False	False	male	DNAAF3	not_significant
7137	1.9778	0.023976	-3.5204	0.99978	continuous	SI_continuous	3	Loneliness	3.8878145043198753	0.00010115087958905183	0.2825593626387058	False	False	male	TNNI3	not_significant
102465870	2.1691	0.015037	-3.2699	0.99946	continuous	SI_continuous	2	FreqSoc	3.845953782873632	0.0001200843982982461	0.5996933678291968	False	False	male	MIR8070	not_significant
80863	-2.3079	0.9895	3.1233	0.00089425	continuous	SI_continuous	1	AbilityToConfide	-3.840438349980377	0.0001228148130485262	0.576730171630267	False	False	female	PRRT1	not_significant
101928979	-2.5345	0.99437	2.8874	0.0019422	continuous	SI_continuous	1	AbilityToConfide	-3.8338622569153418	0.00012614679810301293	0.576730171630267	False	False	female	LINC01719	not_significant
55082	-2.406	0.99194	3.0157	0.0012819	binary	SI	1	AbilityToConfide	-3.833720835559104	0.00012621938097014197	0.5191213367159558	False	False	female	ARGLU1	not_significant
22905	2.2507	0.012202	-3.1394	0.99915	continuous	SI_continuous	2	FreqSoc	3.81137626127361	0.00013819522835008225	0.5996933678291968	False	False	male	EPN2	not_significant
100507547	-2.312	0.98961	3.0548	0.001126	continuous	SI_continuous	1	AbilityToConfide	-3.794900673271963	0.00014770257535176963	0.576730171630267	False	False	female	LOC100507547	not_significant
352909	1.8371	0.0331	-3.5155	0.99978	continuous	SI_continuous	3	Loneliness	3.784859756979114	0.0001537952819352911	0.3866567183135154	False	False	male	DNAAF3	not_significant
100847016	-2.3639	0.99096	2.9759	0.0014605	binary	SI	1	AbilityToConfide	-3.7758087901799264	0.00015948930627085922	0.5191213367159558	False	False	female	MIR5695	not_significant
80343	-1.545	0.93883	3.7924	7.4614e-05	continuous	SI_continuous	1	AbilityToConfide	-3.774111733905079	0.00016057878371631475	0.576730171630267	False	False	female	SEL1L2	not_significant
1406	2.2029	0.013801	-3.121	0.9991	binary	SI	3	Loneliness	3.7645657923590603	0.0001668387375729351	0.29924169357560737	False	False	male	CRX	not_significant
80816	-0.89002	0.81327	4.4223	4.8837e-06	continuous	SI_continuous	3	Loneliness	-3.7563774958329197	0.00017239059768466952	0.3940065469445706	False	False	female	ASXL3	not_significant
386618	2.6338	0.0042218	-2.6661	0.99616	binary	SI	3	Loneliness	3.747595229610583	0.00017853806147862498	0.29924169357560737	False	False	male	KCTD4	not_significant
102465877	1.962	0.024881	-3.3343	0.99957	binary	SI	1	AbilityToConfide	3.745049645198311	0.00018035810752040058	0.5191213367159558	False	False	male	MIR8080	not_significant
54344	4.4925	3.5194e-06	-0.79611	0.78702	binary	SI	2	FreqSoc	3.7396119940509864	0.00018430452089493758	0.5215525175339868	False	False	male	DPM3	not_significant
6817	-1.4581	0.9276	3.8261	6.5106e-05	continuous	SI_continuous	2	FreqSoc	-3.7364936531459545	0.0001866041568402766	0.5996933678291968	False	False	female	SULT1A1	not_significant
51651	-2.0179	0.9782	3.2509	0.00057519	continuous	SI_continuous	1	AbilityToConfide	-3.7256042087156818	0.0001948479339081765	0.6045999832189145	False	False	female	PTRH2	not_significant
320	-2.841	0.99775	2.4218	0.007723	binary	SI	1	AbilityToConfide	-3.7213615680285623	0.00019815148191172895	0.5191213367159558	False	False	female	APBA1	not_significant
414926	-2.3667	0.99103	2.892	0.001914	continuous	SI_continuous	2	FreqSoc	-3.7184624302256966	0.00020043909548172857	0.5996933678291968	False	False	female	LINC00593	not_significant
26039	1.3614	0.086687	-3.8895	0.99995	binary	SI	3	Loneliness	3.712946997332442	0.00020485980205652382	0.3218987677189416	False	False	male	SS18L1	not_significant
100126347	-2.4181	0.9922	2.8309	0.0023205	binary	SI	2	FreqSoc	-3.711603494448188	0.0002059504276088517	0.5215525175339868	False	False	female	MIR887	not_significant
6119	-2.5086	0.99394	2.7357	0.0031119	binary	SI	1	AbilityToConfide	-3.708280092576611	0.00020867176830831433	0.5191213367159558	False	False	female	RPA3	not_significant
7007	-3.0234	0.99875	2.2163	0.013334	binary	SI	1	AbilityToConfide	-3.705027401383153	0.00021136788171091116	0.5191213367159558	False	False	female	TECTA	not_significant
79869	-2.4083	0.99199	2.8255	0.0023602	binary	SI	2	FreqSoc	-3.7008554713741524	0.00021487384131678254	0.5215525175339868	False	False	female	CPSF7	not_significant
50487	-2.8522	0.99783	2.374	0.0087972	continuous	SI_continuous	2	FreqSoc	-3.6954814598371346	0.00021947049618905218	0.5996933678291968	False	False	female	PLA2G3	not_significant
116412	-2.6723	0.99623	2.545	0.0054634	binary	SI	1	AbilityToConfide	-3.689188209484574	0.0002249707497583146	0.5191213367159558	False	False	female	ZNF837	not_significant
6514	1.8945	0.02908	-3.3193	0.99955	binary	SI	2	FreqSoc	3.6867133357504214	0.00022716900960764657	0.5215525175339868	False	False	male	SLC2A2	not_significant
100874018	2.6502	0.0040217	-2.5632	0.99481	continuous	SI_continuous	2	FreqSoc	3.6864304930379466	0.00022742151906051915	0.5996933678291968	False	False	male	EPN2-AS1	not_significant
200185	4.0873	2.1818e-05	-1.1089	0.86625	continuous	SI_continuous	2	FreqSoc	3.6742682564015383	0.00023853202650220626	0.5996933678291968	False	False	male	KRTCAP2	not_significant
80031	-0.67289	0.74949	4.5168	3.1395e-06	binary	SI	1	AbilityToConfide	-3.6696649912560133	0.00024286854297927608	0.5191213367159558	False	False	female	SEMA6D	not_significant
220001	-2.7882	0.99735	2.3956	0.0082959	binary	SI	2	FreqSoc	-3.6655001323148246	0.0002468556838849149	0.5215525175339868	False	False	female	VWCE	not_significant
646862	-2.8589	0.99787	2.3221	0.010115	binary	SI	1	AbilityToConfide	-3.6635202333275023	0.0002487725552186289	0.5191213367159558	False	False	female	RNF225	not_significant
55974	4.5178	3.1246e-06	-0.66272	0.74624	binary	SI	2	FreqSoc	3.6631808220725333	0.0002491025602679033	0.5215525175339868	False	False	male	SLC50A1	not_significant
102465873	2.72	0.0032639	-2.4334	0.99252	binary	SI	1	AbilityToConfide	3.6440040861667535	0.00026842915466001455	0.5191213367159558	False	False	male	MIR8074	not_significant
105371238	-2.4217	0.99228	2.73	0.0031669	binary	SI	2	FreqSoc	-3.6428020046387366	0.00026968627850689424	0.5215525175339868	False	False	female	LINC02134	not_significant
3313	2.6576	0.0039346	-2.494	0.99368	continuous	SI_continuous	1	AbilityToConfide	3.642731293960618	0.0002697603985582267	0.6045999832189145	False	False	male	HSPA9	not_significant
51286	1.6392	0.050589	-3.4813	0.99975	binary	SI	2	FreqSoc	3.6207402730657163	0.0002937612992251491	0.5275323445585338	False	False	male	CEND1	not_significant
102724188	3.0868	0.0010115	-2.0312	0.97888	continuous	SI_continuous	3	Loneliness	3.6189725061127502	0.00029577505697358055	0.6196733922810657	False	False	male	LINC01674	not_significant
504189	-1.4201	0.92221	3.687	0.00011344	continuous	SI_continuous	1	AbilityToConfide	-3.6112650421978167	0.00030470706402017613	0.6045999832189145	False	False	female	OR8U8	not_significant
219417	-1.4201	0.92221	3.687	0.00011344	continuous	SI_continuous	1	AbilityToConfide	-3.6112650421978167	0.00030470706402017613	0.6045999832189145	False	False	female	OR8U1	not_significant
728448	3.2959	0.00049047	-1.8031	0.96432	continuous	SI_continuous	2	FreqSoc	3.6055374772702056	0.00031150752909113336	0.6061932542167217	False	False	male	PPIEL	not_significant
26985	3.3481	0.00040678	-1.7424	0.95928	continuous	SI_continuous	2	FreqSoc	3.5995270696301205	0.0003187964472811284	0.6061932542167217	False	False	male	AP3M1	not_significant
347744	-3.3592	0.99961	1.7289	0.041917	continuous	SI_continuous	1	AbilityToConfide	-3.597830013355272	0.0003208832161730221	0.6045999832189145	False	False	female	C6orf52	not_significant
84872	-1.7078	0.95616	3.3735	0.00037108	continuous	SI_continuous	1	AbilityToConfide	-3.5930216872432035	0.00032686537143935494	0.6045999832189145	False	False	female	ZC3H10	not_significant
6753	2.4902	0.0063838	-2.5871	0.99516	binary	SI	2	FreqSoc	3.5901932601184576	0.000330432876686622	0.5538275301852241	False	False	male	SSTR3	not_significant
100616454	-2.4532	0.99292	2.62	0.0043967	continuous	SI_continuous	2	FreqSoc	-3.5872941223155927	0.00033412736043840984	0.6061932542167217	False	False	female	MIR4497	not_significant
386618	2.5261	0.0057671	-2.5456	0.99455	continuous	SI_continuous	3	Loneliness	3.5862334621438126	0.0003354886313398038	0.6488092061933852	False	False	male	KCTD4	not_significant
6193	-2.5979	0.99531	2.4682	0.006789	binary	SI	1	AbilityToConfide	-3.5822736641691684	0.00034061669365368556	0.5884387483835822	False	False	female	RPS5	not_significant
6683	-1.0937	0.86296	3.9653	3.6651e-05	binary	SI	3	Loneliness	-3.577253206022744	0.00034722379083866546	0.4972340253765294	False	False	female	SPAST	not_significant
100526820	0.68731	0.24594	-4.3603	0.99999	continuous	SI_continuous	2	FreqSoc	3.569199259785029	0.0003580740076596776	0.6061932542167217	False	False	male	CAHM	not_significant
2967	-3.9199	0.99996	1.124	0.13051	continuous	SI_continuous	2	FreqSoc	-3.5665758936268275	0.00036167609932981283	0.6061932542167217	False	False	female	GTF2H3	not_significant
219875	1.8435	0.032626	-3.1987	0.99931	binary	SI	3	Loneliness	3.5653738120988097	0.00036333794854417944	0.4972340253765294	False	False	male	OR4D5	not_significant
797	3.149	0.00081926	-1.8891	0.97056	continuous	SI_continuous	1	AbilityToConfide	3.5624746742959448	0.000367375358563726	0.6045999832189145	False	False	male	CALCB	not_significant
220001	-2.8493	0.99781	2.1804	0.014613	binary	SI	3	Loneliness	-3.556534977333978	0.00037577846872256706	0.4972340253765294	False	False	female	VWCE	not_significant
27283	-1.6643	0.95198	3.3652	0.0003825	binary	SI	1	AbilityToConfide	-3.556393555977741	0.00037598071551012905	0.5884387483835822	False	False	female	TINAG	not_significant
54813	-2.8238	0.99763	2.1893	0.014288	continuous	SI_continuous	3	Loneliness	-3.544797004766281	0.0003929155596610094	0.6490435736080135	False	False	female	KLHL28	not_significant
9043	2.4658	0.0068353	-2.5378	0.99442	continuous	SI_continuous	1	AbilityToConfide	3.5380794903450092	0.000403048701325266	0.6045999832189145	False	False	male	SPAG9	not_significant
100616266	3.3161	0.00045643	-1.6778	0.9533	binary	SI	2	FreqSoc	3.5312205545674993	0.0004136466807318936	0.633344144103698	False	False	male	MIR4733	not_significant
100302242	-1.8447	0.96746	3.1486	0.00082027	continuous	SI_continuous	1	AbilityToConfide	-3.5307962904987873	0.0004143106991168523	0.6045999832189145	False	False	female	MIR1236	not_significant
101927311	-2.1979	0.98602	2.7949	0.0025962	binary	SI	3	Loneliness	-3.530442737108195	0.00041486480811700217	0.5215058070434775	False	False	female	LINC02185	not_significant
285613	2.5088	0.0060568	-2.483	0.99349	binary	SI	1	AbilityToConfide	3.5297356303270075	0.0004159751031242858	0.5884387483835822	False	False	male	RELL2	not_significant
92922	-2.0385	0.97925	2.9526	0.0015753	binary	SI	1	AbilityToConfide	-3.5292406555801765	0.0004167539601648593	0.5884387483835822	False	False	female	CCDC102A	not_significant
27067	-3.4098	0.99967	1.5769	0.057405	binary	SI	1	AbilityToConfide	-3.5261293857429563	0.0004216809030459191	0.5884387483835822	False	False	female	STAU2	not_significant
79751	1.7725	0.038152	-3.2084	0.99933	binary	SI	2	FreqSoc	3.5220281664120745	0.00042825863926505966	0.633344144103698	False	False	male	SLC25A22	not_significant
79816	3.9931	3.2611e-05	-0.96158	0.83187	continuous	SI_continuous	3	Loneliness	3.503487826609363	0.0004592076441634575	0.6490435736080135	False	False	male	TLE6	not_significant
2963	2.8471	0.0022057	-2.0962	0.98197	binary	SI	3	Loneliness	3.4954409514394604	0.0004732791600174144	0.5572191742381472	False	False	male	GTF2F2	not_significant
23583	2.3653	0.0090082	-2.5764	0.99501	continuous	SI_continuous	3	Loneliness	3.4943095805895616	0.00047528952844160487	0.6490435736080135	False	False	male	SMUG1	not_significant
3780	-2.616	0.99555	2.3198	0.010177	continuous	SI_continuous	2	FreqSoc	-3.4901376505805612	0.0004827718111136021	0.6706627379493804	False	False	female	KCNN1	not_significant
100616168	-2.4246	0.99234	2.5088	0.0060566	binary	SI	1	AbilityToConfide	-3.4884405943057133	0.00048584676875013957	0.5884387483835822	False	False	female	MIR4754	not_significant
101928781	-3.0802	0.99897	1.8532	0.031929	continuous	SI_continuous	1	AbilityToConfide	-3.4884405943057133	0.00048584676875013957	0.6045999832189145	False	False	female	TMEM26-AS1	not_significant
55003	-2.5326	0.99434	2.3992	0.0082157	continuous	SI_continuous	1	AbilityToConfide	-3.487309223455815	0.00048790687770226463	0.6045999832189145	False	False	female	PAK1IP1	not_significant
283033	2.811	0.0024692	-2.1158	0.98282	continuous	SI_continuous	1	AbilityToConfide	3.4837736895498823	0.0004943973443632512	0.6045999832189145	False	False	male	LINC00841	not_significant
5886	-2.4501	0.99286	2.4753	0.0066559	continuous	SI_continuous	3	Loneliness	-3.4827837400562207	0.0004962290502748926	0.6490435736080135	False	False	female	RAD23A	not_significant
79816	3.9289	4.266e-05	-0.99283	0.8396	binary	SI	3	Loneliness	3.4801886581692663	0.0005010608163184341	0.5572191742381472	False	False	male	TLE6	not_significant
54813	-2.7538	0.99705	2.1614	0.015331	binary	SI	3	Loneliness	-3.4755712508881187	0.0005097665569180774	0.5572191742381472	False	False	female	KLHL28	not_significant
109623456	-2.7282	0.99682	2.1774	0.014725	continuous	SI_continuous	1	AbilityToConfide	-3.4687830257887273	0.0005228215101784675	0.6045999832189145	False	False	female	SNORD167	not_significant
100874010	-1.953	0.97459	2.9519	0.0015794	continuous	SI_continuous	3	Loneliness	-3.468288051041897	0.0005237855199134412	0.6490435736080135	False	False	female	NLGN1-AS1	not_significant
29115	2.4452	0.0072385	-2.4558	0.99297	continuous	SI_continuous	3	Loneliness	3.465530334595269	0.0005291868255308935	0.6490435736080135	False	False	male	SAP30BP	not_significant
100289274	-1.5391	0.93811	3.3555	0.00039605	binary	SI	2	FreqSoc	-3.4610048511956757	0.0005381631141081106	0.7329512115048537	False	False	female	DNAJC3-DT	not_significant
51286	2.0589	0.019752	-2.8353	0.99771	continuous	SI_continuous	3	Loneliness	3.4607220084832004	0.0005387288159055747	0.6490435736080135	False	False	male	CEND1	not_significant
6171	-1.4859	0.93134	3.4064	0.00032908	continuous	SI_continuous	1	AbilityToConfide	-3.4593785055989468	0.0005414234735341094	0.6045999832189145	False	False	female	RPL41	not_significant
9014	-3.1996	0.99931	1.6885	0.045654	binary	SI	1	AbilityToConfide	-3.4564086571179624	0.0005474247061136258	0.5884387483835822	False	False	female	TAF1B	not_significant
57130	-1.4368	0.92462	3.4464	0.00028406	continuous	SI_continuous	1	AbilityToConfide	-3.452943833890149	0.0005545044450257817	0.6045999832189145	False	False	female	ATP13A1	not_significant
55367	2.1464	0.015922	-2.7329	0.99686	continuous	SI_continuous	3	Loneliness	3.450186117443521	0.000560200193169079	0.6490435736080135	False	False	male	PIDD1	not_significant
5468	2.0166	0.021869	-2.8538	0.99784	binary	SI	1	AbilityToConfide	3.4438928670909608	0.000573402861293043	0.5884387483835822	False	False	male	PPARG	not_significant
2193	-1.9455	0.97415	2.9196	0.0017522	binary	SI	1	AbilityToConfide	-3.440145201150672	0.0005814021769010586	0.5884387483835822	False	False	female	FARSA	not_significant
51524	-1.5915	0.94425	3.2722	0.00053362	binary	SI	2	FreqSoc	-3.4391552516570107	0.0005835324840590459	0.7329512115048537	False	False	female	TMEM138	not_significant
347862	1.7576	0.039404	-3.1059	0.99905	continuous	SI_continuous	3	Loneliness	3.4390138303007736	0.0005838374062009657	0.6490435736080135	False	False	male	GATD1	not_significant
100847093	2.7305	0.0031618	-2.1319	0.98349	continuous	SI_continuous	2	FreqSoc	3.4382360128414686	0.0005855171312405321	0.6706627379493804	False	False	male	MIR5589	not_significant
1605	-2.6205	0.99561	2.236	0.012677	continuous	SI_continuous	1	AbilityToConfide	-3.4340640828324682	0.0005946036053731579	0.6045999832189145	False	False	female	DAG1	not_significant
55793	3.1732	0.00075381	-1.6818	0.9537	binary	SI	1	AbilityToConfide	3.4330034226606885	0.00059693456242308	0.5884387483835822	False	False	male	MINDY1	not_significant
130120	0.58051	0.28078	-4.2733	0.99999	binary	SI	1	AbilityToConfide	3.4321619655910762	0.0005987898356647156	0.5884387483835822	False	False	male	REG3G	not_significant
6514	1.5686	0.058368	-3.2831	0.99949	binary	SI	3	Loneliness	3.4306699702827723	0.0006020926386928749	0.6307171262240653	False	False	male	SLC2A2	not_significant
221955	2.8084	0.0024894	-2.0417	0.97941	binary	SI	1	AbilityToConfide	3.4295385994328735	0.0006046084286109452	0.5884387483835822	False	False	male	DAGLB	not_significant
91074	2.2155	0.013363	-2.6329	0.99577	continuous	SI_continuous	1	AbilityToConfide	3.4283365179048566	0.0006072921726368745	0.6045999832189145	False	False	male	ANKRD30A	not_significant
113218487	-2.3377	0.9903	2.5082	0.0060672	binary	SI	1	AbilityToConfide	-3.4265687509518905	0.0006112590002553438	0.5884387483835822	False	False	female	MIR10394	not_significant
146325	-2.56	0.99477	2.2833	0.011205	continuous	SI_continuous	3	Loneliness	-3.4247302733208054	0.0006154100697182178	0.6490435736080135	False	False	female	PRR35	not_significant
113633881	-2.0985	0.98207	2.7422	0.0030511	continuous	SI_continuous	3	Loneliness	-3.4228917956897202	0.0006195873579647715	0.6490435736080135	False	False	female	HEAT2	not_significant
80816	-1.2433	0.89312	3.5898	0.00016546	binary	SI	1	AbilityToConfide	-3.4175177841527025	0.0006319496522157719	0.5884387483835822	False	False	female	ASXL3	not_significant
192217	1.5316	0.062811	-3.2923	0.9995	continuous	SI_continuous	2	FreqSoc	3.4110124017657864	0.0006472214760280539	0.6706627379493804	False	False	male	OXCT2P1	not_significant
9094	-2.5981	0.99531	2.2216	0.013154	continuous	SI_continuous	2	FreqSoc	-3.408042553284803	0.0006543069017277765	0.6706627379493804	False	False	female	UNC119	not_significant
8761	3.0897	0.0010019	-1.7237	0.95762	continuous	SI_continuous	2	FreqSoc	3.4035877805633272	0.000665070396105769	0.6706627379493804	False	False	male	PABPC4	not_significant
401265	-3.3489	0.99959	1.4638	0.071619	binary	SI	1	AbilityToConfide	-3.4030928058164966	0.0006662764489613493	0.5982448644049029	False	False	female	KLHL31	not_significant
90480	-2.3256	0.98998	2.4863	0.0064544	continuous	SI_continuous	3	Loneliness	-3.4025271203915475	0.00066765728494816	0.6714228720352676	False	False	female	GADD45GIP1	not_significant
339965	2.4076	0.0080293	-2.404	0.99189	binary	SI	2	FreqSoc	3.402314988357192	0.0006681757840600988	0.7329512115048537	False	False	male	CCDC158	not_significant
100128788	-3.0878	0.99899	1.7177	0.042924	binary	SI	2	FreqSoc	-3.398001636991954	0.0006788001391826979	0.7329512115048537	False	False	female	SRRM2-AS1	not_significant
2895	-2.3547	0.99073	2.4491	0.0071615	continuous	SI_continuous	2	FreqSoc	-3.3967995554639367	0.0006817888849280377	0.6706627379493804	False	False	female	GRID2	not_significant
388667	2.9994	0.0013527	-1.7994	0.96402	continuous	SI_continuous	2	FreqSoc	3.393264021558004	0.0006906503606288269	0.6706627379493804	False	False	male	LINC02868	not_significant
55352	-2.3518	0.99066	2.4468	0.0072069	continuous	SI_continuous	1	AbilityToConfide	-3.393122600201767	0.0006910070364441382	0.6045999832189145	False	False	female	COPRS	not_significant
629	-1.5183	0.93553	3.2801	0.00051885	continuous	SI_continuous	1	AbilityToConfide	-3.3929811788455293	0.0006913638834549797	0.6045999832189145	False	False	female	CFB	not_significant
284889	2.4892	0.0064017	-2.3088	0.98952	continuous	SI_continuous	2	FreqSoc	3.392698336133055	0.0006920780913633903	0.6706627379493804	False	False	male	MIF-AS1	not_significant
100422913	2.0391	0.020719	-2.7543	0.99706	binary	SI	3	Loneliness	3.3894456449395967	0.000700340917245624	0.6975098477748671	False	False	male	MIR320E	not_significant
285375	-2.9681	0.9985	1.8171	0.0346	continuous	SI_continuous	1	AbilityToConfide	-3.383647369333867	0.0007152980834933299	0.6045999832189145	False	False	female	LINC00620	not_significant
116983	-2.5911	0.99522	2.1922	0.014182	continuous	SI_continuous	1	AbilityToConfide	-3.382303866449613	0.0007188058622072839	0.6045999832189145	False	False	female	ACAP3	not_significant
103695431	-3.1393	0.99915	1.6411	0.050391	continuous	SI_continuous	3	Loneliness	-3.380253256784172	0.0007241906642301698	0.6904673144287328	False	False	female	LINC01048	not_significant
102466196	-3.0481	0.99885	1.7268	0.042097	continuous	SI_continuous	2	FreqSoc	-3.3763641694876454	0.0007345062930875754	0.6706627379493804	False	False	female	MIR6794	not_significant
1406	2.0557	0.019904	-2.7155	0.99669	continuous	SI_continuous	3	Loneliness	3.3737478743972558	0.0007415225126119002	0.6904673144287328	False	False	male	CRX	not_significant
154007	0.53178	0.29744	-4.2376	0.99999	continuous	SI_continuous	1	AbilityToConfide	3.372460940055496	0.000744996527252962	0.6045999832189145	False	False	male	SNRNP48	not_significant
92922	-1.9476	0.97427	2.8196	0.0024043	binary	SI	2	FreqSoc	-3.370919447272509	0.0007491776042091829	0.7329512115048537	False	False	female	CCDC102A	not_significant
106865373	-2.1578	0.98453	2.6052	0.0045906	binary	SI	2	FreqSoc	-3.3679495987915256	0.0007572943894023029	0.7329512115048537	False	False	female	GET1-SH3BGR	not_significant
5764	-2.0417	0.97941	2.7196	0.0032677	binary	SI	2	FreqSoc	-3.3667475172635086	0.0007606029097149685	0.7329512115048537	False	False	female	PTN	not_significant
100379251	2.318	0.010226	-2.4428	0.99271	continuous	SI_continuous	2	FreqSoc	3.3663939638729152	0.0007615785551266306	0.6706627379493804	False	False	male	NPPA-AS1	not_significant
106144598	-1.8465	0.96759	2.907	0.0018245	binary	SI	1	AbilityToConfide	-3.3612320843702532	0.0007759559490354785	0.6727002936103781	False	False	female	FARSA-AS1	not_significant
388567	1.7926	0.036519	-2.9608	0.99847	continuous	SI_continuous	2	FreqSoc	3.3611613736921346	0.0007761546376401631	0.6706627379493804	False	False	male	ZNF749	not_significant
320	-2.1935	0.98586	2.5598	0.0052362	binary	SI	2	FreqSoc	-3.3610906630140156	0.0007763533734727814	0.7329512115048537	False	False	female	APBA1	not_significant
55848	2.649	0.0040362	-2.1028	0.98226	continuous	SI_continuous	1	AbilityToConfide	3.360030002842236	0.0007793400852764564	0.6045999832189145	False	False	male	PLGRKT	not_significant
10849	2.9214	0.0017424	-1.8206	0.96566	binary	SI	3	Loneliness	3.353100356386608	0.0007991172576213609	0.6975098477748671	False	False	male	POLR1G	not_significant
219875	2.0005	0.022721	-2.741	0.99694	binary	SI	2	FreqSoc	3.3527468029960152	0.0008001386787727154	0.7329512115048537	False	False	male	OR4D5	not_significant
81671	-1.9745	0.97584	2.7646	0.0028498	continuous	SI_continuous	1	AbilityToConfide	-3.3510497467211677	0.0008050583872646275	0.6045999832189145	False	False	female	VMP1	not_significant
79822	-3.2692	0.99946	1.4684	0.070996	binary	SI	2	FreqSoc	-3.3499890865493875	0.0008081474438832632	0.7329512115048537	False	False	female	ARHGAP28	not_significant
100505964	-3.1987	0.99931	1.5376	0.062073	binary	SI	3	Loneliness	-3.349069847733845	0.0008108335191906411	0.6975098477748671	False	False	female	LINC01304	not_significant
27124	-2.6867	0.99639	2.0481	0.020277	continuous	SI_continuous	2	FreqSoc	-3.348009187562065	0.0008139431296753155	0.6706627379493804	False	False	female	INPP5J	not_significant
100129792	-0.48644	0.68667	4.2476	1.0806e-05	binary	SI	1	AbilityToConfide	-3.3474717864083634	0.0008155228857137826	0.6834353623243403	False	False	female	CCDC152	not_significant
57470	1.5734	0.05781	-3.1587	0.99921	continuous	SI_continuous	2	FreqSoc	3.3460999992528615	0.0008195683292814067	0.6706627379493804	False	False	male	LRRC47	not_significant
23171	-1.0296	0.8484	3.7013	0.00010726	continuous	SI_continuous	2	FreqSoc	-3.3452514711154375	0.0008220799773435921	0.6706627379493804	False	False	female	GPD1L	not_significant
55227	-2.2719	0.98845	2.4578	0.0069897	continuous	SI_continuous	3	Loneliness	-3.3444029429780135	0.0008245987649469837	0.7140973769765615	False	False	female	LRRC1	not_significant
127943	-3.5031	0.99977	1.2248	0.11032	binary	SI	3	Loneliness	-3.3431301507718776	0.00082839037341957	0.6975098477748671	False	False	female	FCRLB	not_significant
1675	2.2975	0.010796	-2.4293	0.99244	binary	SI	2	FreqSoc	3.3423523333125726	0.0008307154227744149	0.7329512115048537	False	False	male	CFD	not_significant
1942	3.8928	4.9551e-05	-0.83217	0.79734	binary	SI	3	Loneliness	3.341058327903001	0.0008345968764958742	0.6975098477748671	False	False	male	EFNA1	not_significant
10061	-2.1323	0.98351	2.59	0.0047981	continuous	SI_continuous	1	AbilityToConfide	-3.339170352797233	0.0008402901672083954	0.6045999832189145	False	False	female	ABCF2	not_significant
3960	-1.9989	0.97719	2.7165	0.0032984	continuous	SI_continuous	1	AbilityToConfide	-3.3342913160070458	0.0008551704267034787	0.6045999832189145	False	False	female	LGALS4	not_significant
89848	2.2779	0.011365	-2.4365	0.99258	binary	SI	1	AbilityToConfide	3.333584209225859	0.0008573471486356945	0.6953085375435483	False	False	male	FCHSD1	not_significant
339965	2.4752	0.0066572	-2.2379	0.98739	binary	SI	3	Loneliness	3.332664970410317	0.0008601845686421316	0.6975098477748671	False	False	male	CCDC158	not_significant
283948	-2.3616	0.9909	2.3511	0.0093591	binary	SI	2	FreqSoc	-3.332382127697842	0.0008610593712888849	0.7329512115048537	False	False	female	NHLRC4	not_significant
7414	3.4401	0.0002908	-1.2709	0.89811	continuous	SI_continuous	2	FreqSoc	3.3311800461698255	0.0008647864941669228	0.6706627379493804	False	False	male	VCL	not_significant
100505920	-3.0491	0.99885	1.6617	0.048289	continuous	SI_continuous	3	Loneliness	-3.331038624813588	0.0008652259613337179	0.7140973769765615	False	False	female	LINC02036	not_significant
1942	3.6686	0.00012196	-1.0399	0.8508	continuous	SI_continuous	3	Loneliness	3.3294122792168586	0.0008702947394731229	0.7140973769765615	False	False	male	EFNA1	not_significant
64761	2.4434	0.007274	-2.2609	0.98812	continuous	SI_continuous	2	FreqSoc	3.326442430735875	0.0008796218784856046	0.6706627379493804	False	False	male	PARP12	not_significant
102465455	-1.8223	0.9658	2.8801	0.0019877	binary	SI	2	FreqSoc	-3.325098927851621	0.0008838716689246338	0.7329512115048537	False	False	female	MIR6760	not_significant
503645	-2.5235	0.99419	2.1779	0.014707	continuous	SI_continuous	2	FreqSoc	-3.324391821070434	0.0008861160384416691	0.6706627379493804	False	False	female	DPRXP4	not_significant
100750326	-1.8815	0.97005	2.8105	0.0024729	binary	SI	1	AbilityToConfide	-3.317745017327281	0.0009074728507264671	0.7031750069500565	False	False	female	HTT-AS	not_significant
80351	2.2947	0.010876	-2.3911	0.9916	continuous	SI_continuous	3	Loneliness	3.3133609552839243	0.0009218192907325527	0.7140973769765615	False	False	male	TNKS2	not_significant
338328	-2.911	0.9982	1.7743	0.03801	binary	SI	1	AbilityToConfide	-3.313007401893331	0.0009229853716778119	0.7031750069500565	False	False	female	GPIHBP1	not_significant
11116	-0.80684	0.79012	3.8773	5.2807e-05	continuous	SI_continuous	3	Loneliness	-3.3121871580271547	0.0009256959452185823	0.7140973769765615	False	False	female	CEP43	not_significant
79727	-1.0323	0.84903	3.647	0.00013267	binary	SI	2	FreqSoc	-3.3087647612062114	0.0009370853597895168	0.7329512115048537	False	False	female	LIN28A	not_significant
6683	-1.1615	0.87729	3.5177	0.00021768	continuous	SI_continuous	3	Loneliness	-3.308694050528093	0.0009373220412961508	0.7140973769765615	False	False	female	SPAST	not_significant
1213	-1.5606	0.94069	3.1155	0.00091819	continuous	SI_continuous	1	AbilityToConfide	-3.3065020195064148	0.0009446866952017174	0.6045999832189145	False	False	female	CLTC	not_significant
29115	2.254	0.012099	-2.4195	0.99223	binary	SI	3	Loneliness	3.30466354187533	0.0009509047953588518	0.6975098477748671	False	False	male	SAP30BP	not_significant
54482	0.86694	0.19299	-3.8063	0.99993	binary	SI	2	FreqSoc	3.304479694112221	0.0009515286860582593	0.7329512115048537	False	False	male	TRMT13	not_significant
100505920	-2.877	0.99799	1.7884	0.036855	binary	SI	3	Loneliness	-3.2989359769477185	0.0009705204333868022	0.6975098477748671	False	False	female	LINC02036	not_significant
143282	1.7909	0.036651	-2.8724	0.99796	binary	SI	2	FreqSoc	3.2974510527072267	0.0009756667866401824	0.7329512115048537	False	False	male	FGFBP3	not_significant
126789	-2.0299	0.97882	2.6333	0.0042283	continuous	SI_continuous	1	AbilityToConfide	-3.297380342029108	0.000975912480277605	0.6045999832189145	False	False	female	PUSL1	not_significant
11116	-1.0563	0.85459	3.6059	0.00015551	binary	SI	3	Loneliness	-3.2966732352479218	0.0009783725697475765	0.6975098477748671	False	False	female	CEP43	not_significant
54495	2.7564	0.0029219	-1.9021	0.97142	continuous	SI_continuous	1	AbilityToConfide	3.2940569401575317	0.0009875249175524663	0.6045999832189145	False	False	male	TMX3	not_significant
1796	2.3364	0.0097346	-2.3216	0.98987	binary	SI	3	Loneliness	3.293703386766938	0.0009887677834756038	0.6975098477748671	False	False	male	DOK1	not_significant
158401	-2.8549	0.99785	1.8018	0.035789	binary	SI	2	FreqSoc	-3.292784147951396	0.0009920060160898512	0.7329512115048537	False	False	female	SHOC1	not_significant
6522	-1.6354	0.94902	3.0189	0.0012684	continuous	SI_continuous	1	AbilityToConfide	-3.291087091676548	0.0009980101018129382	0.6045999832189145	False	False	female	SLC4A2	not_significant
349633	2.3975	0.0082529	-2.2559	0.98796	continuous	SI_continuous	3	Loneliness	3.2904506955734796	0.0010002702944123735	0.7226729367362175	False	False	male	PLET1	not_significant
170370	2.744	0.0030348	-1.9071	0.97174	continuous	SI_continuous	3	Loneliness	3.288824349976751	0.0010060678885393426	0.7226729367362175	False	False	male	FAM170B	not_significant
196883	2.5468	0.005436	-2.1036	0.98229	continuous	SI_continuous	1	AbilityToConfide	3.2883293752299205	0.0010078385383461197	0.6045999832189145	False	False	male	ADCY4	not_significant
3834	2.2427	0.012457	-2.4055	0.99193	binary	SI	1	AbilityToConfide	3.28677374031131	0.0010134222351288252	0.7322245464232321	False	False	male	KIF25	not_significant
105371238	-2.6765	0.99628	1.9664	0.024626	binary	SI	3	Loneliness	-3.2830260743710213	0.0010269916612881114	0.6975098477748671	False	False	female	LINC02134	not_significant
104384744	-0.43912	0.66971	4.1995	1.3375e-05	continuous	SI_continuous	2	FreqSoc	-3.2799996573475427	0.0010380721271880473	0.6706627379493804	False	False	female	TET2-AS1	not_significant
23545	-2.7807	0.99729	1.8578	0.031602	continuous	SI_continuous	2	FreqSoc	-3.2799148045338002	0.0010383843828755325	0.6706627379493804	False	False	female	ATP6V0A2	not_significant
105371333	2.4025	0.0081415	-2.2311	0.98716	continuous	SI_continuous	2	FreqSoc	3.276449981305986	0.0010512093075257347	0.6706627379493804	False	False	male	LINC02136	not_significant
81892	-1.9671	0.97541	2.6648	0.0038514	binary	SI	2	FreqSoc	-3.2752478997779693	0.0010556929063475693	0.7329512115048537	False	False	female	SLIRP	not_significant
100506746	2.4125	0.0079226	-2.2179	0.98672	continuous	SI_continuous	1	AbilityToConfide	3.2741872396061895	0.001059663709260586	0.6045999832189145	False	False	male	AFF1-AS1	not_significant
163183	3.5062	0.00022731	-1.1226	0.86919	continuous	SI_continuous	2	FreqSoc	3.273055868756291	0.0010639144592842465	0.6706627379493804	False	False	male	SYNE4	not_significant
105376562	-1.2825	0.90016	3.3449	0.00041153	continuous	SI_continuous	1	AbilityToConfide	-3.2720659192626296	0.0010676467999704564	0.6045999832189145	False	False	female	LINC02548	not_significant
6514	1.24	0.10749	-3.3873	0.99965	continuous	SI_continuous	3	Loneliness	3.271995208584511	0.0010679138586795406	0.7327429228655945	False	False	male	SLC2A2	not_significant
100128788	-2.9298	0.9983	1.6936	0.045175	continuous	SI_continuous	3	Loneliness	-3.2692374921378837	0.0010783774768715244	0.7327429228655945	False	False	female	SRRM2-AS1	not_significant
7422	3.6799	0.00011668	-0.9411	0.82667	continuous	SI_continuous	1	AbilityToConfide	3.267540435863036	0.0010848636780535637	0.6045999832189145	False	False	male	VEGFA	not_significant
283970	1.8518	0.032026	-2.767	0.99717	continuous	SI_continuous	2	FreqSoc	3.2659848009444254	0.001090841042059841	0.6706627379493804	False	False	male	PDXDC2P-NPIPB14P	not_significant
1813	2.7112	0.0033516	-1.9072	0.97175	binary	SI	3	Loneliness	3.2657019582319506	0.001091931102502195	0.6975098477748671	False	False	male	DRD2	not_significant
6414	-0.38972	0.65163	4.2281	1.1784e-05	binary	SI	1	AbilityToConfide	-3.2652918362988625	0.0010935134796421048	0.7322245464232321	False	False	female	SELENOP	not_significant
7422	2.8469	0.0022074	-1.7709	0.96171	continuous	SI_continuous	2	FreqSoc	3.2652776941632387	0.0010935680821771274	0.6706627379493804	False	False	male	VEGFA	not_significant
100874010	-1.8624	0.96873	2.7553	0.0029322	binary	SI	3	Loneliness	-3.2652069834851205	0.0010938411326767645	0.6975098477748671	False	False	female	NLGN1-AS1	not_significant
1942	3.9104	4.6066e-05	-0.70512	0.75963	binary	SI	2	FreqSoc	3.2636654907021336	0.0010998093256432873	0.7329512115048537	False	False	male	EFNA1	not_significant
51524	-1.6464	0.95016	2.9637	0.00152	binary	SI	3	Loneliness	-3.2598329719481027	0.001114778424898454	0.6975098477748671	False	False	female	TMEM138	not_significant
158401	-2.8225	0.99762	1.7872	0.03695	binary	SI	3	Loneliness	-3.259550129235628	0.0011158905860811242	0.6975098477748671	False	False	female	SHOC1	not_significant
79869	-2.0091	0.97774	2.5969	0.004704	binary	SI	3	Loneliness	-3.2569338341452374	0.0011262268191155225	0.6975098477748671	False	False	female	CPSF7	not_significant
693158	1.5894	0.05598	-3.015	0.99872	continuous	SI_continuous	2	FreqSoc	3.255802463295339	0.0011307238965083172	0.6706627379493804	False	False	male	MIR573	not_significant
84779	1.8035	0.035658	-2.8007	0.99745	continuous	SI_continuous	1	AbilityToConfide	3.2556610419391023	0.0011312871969264005	0.6045999832189145	False	False	male	NAA11	not_significant
256126	-1.9774	0.976	2.6246	0.004337	binary	SI	3	Loneliness	-3.2541054070204916	0.001137500646703375	0.6975098477748671	False	False	female	SYCE2	not_significant
7262	2.7097	0.0033669	-1.8877	0.97046	binary	SI	1	AbilityToConfide	3.2508527158270337	0.0011505944729419447	0.7322245464232321	False	False	male	PHLDA2	not_significant
256148	-0.37381	0.64573	4.2227	1.207e-05	continuous	SI_continuous	3	Loneliness	-3.250223390791777	0.0011531438724888873	0.7629260552169241	False	False	female	OR4S1	not_significant
55227	-2.2647	0.98823	2.3296	0.0099133	binary	SI	2	FreqSoc	-3.2486606848053556	0.0011594969989366427	0.7329512115048537	False	False	female	LRRC1	not_significant
83982	-1.4518	0.92672	3.1313	0.00087013	binary	SI	1	AbilityToConfide	-3.2407410888560655	0.0011921941219147445	0.7322245464232321	False	False	female	IFI27L2	not_significant
4878	2.348	0.0094361	-2.2345	0.98727	continuous	SI_continuous	2	FreqSoc	3.2403168247873535	0.0011939695664315	0.6706627379493804	False	False	male	NPPA	not_significant
6502	1.4385	0.075143	-3.1427	0.99916	binary	SI	2	FreqSoc	3.2393975859718114	0.0011978247459716916	0.7329512115048537	False	False	male	SKP2	not_significant
7171	-3.0857	0.99898	1.4942	0.067563	continuous	SI_continuous	1	AbilityToConfide	-3.238478347156269	0.0012016914224968534	0.6045999832189145	False	False	female	TPM4	not_significant
2569	-1.9658	0.97534	2.6113	0.0045099	continuous	SI_continuous	1	AbilityToConfide	-3.236498448168946	0.001210058843719321	0.6045999832189145	False	False	female	GABRR1	not_significant
10237	-1.8051	0.96447	2.7711	0.0027937	continuous	SI_continuous	1	AbilityToConfide	-3.2358620520658787	0.0012127597805161698	0.6045999832189145	False	False	female	SLC35B1	not_significant
106144585	2.9723	0.0014779	-1.6001	0.94521	binary	SI	2	FreqSoc	3.2331750462973696	0.0012242252415387686	0.7329512115048537	False	False	male	LINC01318	not_significant
8793	1.6415	0.050349	-2.9268	0.99829	binary	SI	1	AbilityToConfide	3.2302759084945047	0.001236708093214833	0.7322245464232321	False	False	male	TNFRSF10D	not_significant
23304	1.0893	0.13802	-3.4748	0.99974	binary	SI	1	AbilityToConfide	3.2273060600135213	0.001249617196132752	0.7322245464232321	False	False	male	UBR2	not_significant
2569	-2.0887	0.98163	2.4734	0.006692	binary	SI	1	AbilityToConfide	-3.2258918464511477	0.0012558080182915607	0.7322245464232321	False	False	female	GABRR1	not_significant
1572	1.5827	0.056747	-2.9789	0.99855	continuous	SI_continuous	3	Loneliness	3.225538293060555	0.0012573601423433685	0.7834791541872316	False	False	male	CYP2F1	not_significant
6458	-1.5373	0.9379	3.0234	0.0012498	continuous	SI_continuous	3	Loneliness	-3.2249018969574874	0.0012601584299147344	0.7834791541872316	False	False	female	SH3GL1P1	not_significant
127707	-4.0507	0.99997	0.5096	0.30517	binary	SI	1	AbilityToConfide	-3.224619054245012	0.001261403957960343	0.7322245464232321	False	False	female	KLHDC7A	not_significant
4131	-1.6417	0.94968	2.9173	0.0017654	continuous	SI_continuous	1	AbilityToConfide	-3.22369981542947	0.001265459778017461	0.6045999832189145	False	False	female	MAP1B	not_significant
105371335	1.4549	0.072846	-3.1028	0.99904	continuous	SI_continuous	2	FreqSoc	3.222780576613927	0.0012695276347136804	0.6706627379493804	False	False	male	LOC105371335	not_significant
101929549	2.2364	0.012662	-2.3209	0.98985	continuous	SI_continuous	2	FreqSoc	3.2224977339014527	0.0012707817094928789	0.6706627379493804	False	False	male	GAU1	not_significant
104326057	2.2276	0.012953	-2.3292	0.99007	binary	SI	1	AbilityToConfide	3.2221441805108597	0.0012723509112086287	0.7322245464232321	False	False	male	GACAT1	not_significant
53820	-3.1029	0.99904	1.4536	0.073033	binary	SI	3	Loneliness	-3.2219320484765035	0.0012732932906737507	0.7489204241604159	False	False	female	RIPPLY3	not_significant
24141	1.7607	0.039147	-2.7944	0.9974	continuous	SI_continuous	3	Loneliness	3.220942098982842	0.0012776995871952785	0.7834791541872316	False	False	male	LAMP5	not_significant
100287639	-2.5589	0.99475	1.9956	0.022991	binary	SI	1	AbilityToConfide	-3.2205178349141304	0.0012795923054438824	0.7322245464232321	False	False	female	MTHFD2P1	not_significant
79727	-0.91718	0.82048	3.6369	0.00013795	binary	SI	3	Loneliness	-3.220220850066032	0.0012809187478182206	0.7489204241604159	False	False	female	LIN28A	not_significant
100302242	-2.5134	0.99402	2.0405	0.020651	binary	SI	1	AbilityToConfide	-3.220093570845419	0.001281487611575602	0.7322245464232321	False	False	female	MIR1236	not_significant
131118	-2.3542	0.99072	2.1917	0.014199	continuous	SI_continuous	1	AbilityToConfide	-3.214436716595926	0.0013070072130695035	0.6045999832189145	False	False	female	DNAJC19	not_significant
5998	-3.8988	0.99995	0.64483	0.25952	binary	SI	1	AbilityToConfide	-3.212831584202633	0.0013143333543030166	0.7343034413451588	False	False	female	RGS3	not_significant
256126	-2.3851	0.99146	2.1563	0.015532	continuous	SI_continuous	3	Loneliness	-3.211254736080586	0.0013215672828457497	0.7910838823339283	False	False	female	SYCE2	not_significant
81853	-1.4488	0.9263	3.0898	0.0010016	continuous	SI_continuous	1	AbilityToConfide	-3.209274837093264	0.001330702265337215	0.6045999832189145	False	False	female	TMEM14B	not_significant
123346	1.9669	0.024596	-2.5705	0.99492	continuous	SI_continuous	2	FreqSoc	3.2084263089558402	0.0013346350634941616	0.6706627379493804	False	False	male	HIGD2B	not_significant
3609	-1.3817	0.91647	3.1539	0.00080543	continuous	SI_continuous	2	FreqSoc	-3.207153516749705	0.001340554371585062	0.6706627379493804	False	False	female	ILF3	not_significant
402176	-2.5593	0.99476	1.9748	0.024145	continuous	SI_continuous	1	AbilityToConfide	-3.2060928565779254	0.0013455056199942294	0.6045999832189145	False	False	female	RPL21P44	not_significant
128	1.8043	0.035589	-2.728	0.99681	continuous	SI_continuous	2	FreqSoc	3.2048200643717895	0.0013514693854354148	0.6706627379493804	False	False	male	ADH5	not_significant
101927311	-1.9001	0.97129	2.6308	0.0042587	binary	SI	2	FreqSoc	-3.203830114878128	0.0013561247178160546	0.7329512115048537	False	False	female	LINC02185	not_significant
8632	-1.3277	0.90786	3.2019	0.00068251	binary	SI	2	FreqSoc	-3.2029108760625857	0.0013604607672330652	0.7329512115048537	False	False	female	DNAH17	not_significant
57568	-0.49418	0.68941	4.0315	2.7712e-05	continuous	SI_continuous	1	AbilityToConfide	-3.2001390174803346	0.0013736131633812188	0.6045999832189145	False	False	female	SIPA1L2	not_significant
286103	-1.3221	0.90693	3.2005	0.00068605	continuous	SI_continuous	2	FreqSoc	-3.1979611285942795	0.001384029350741813	0.6706627379493804	False	False	female	ZNF252P-AS1	not_significant
55848	2.8061	0.0025073	-1.7139	0.95672	binary	SI	1	AbilityToConfide	3.1961226509631944	0.001392878883458215	0.7502007440717682	False	False	male	PLGRKT	not_significant
100506655	-2.3651	0.99099	2.1521	0.015693	binary	SI	1	AbilityToConfide	-3.194142751975872	0.0014024674822550058	0.7502007440717682	False	False	female	LCMT1-AS2	not_significant
4224	1.7074	0.043874	-2.8095	0.99752	binary	SI	3	Loneliness	3.1939306199415163	0.0014034984339726805	0.7666043131764823	False	False	male	MEP1A	not_significant
2593	-3.245	0.99941	1.2714	0.10179	continuous	SI_continuous	3	Loneliness	-3.193577066550923	0.001405218239807617	0.7962416828307919	False	False	female	GAMT	not_significant
100506733	2.3779	0.0087058	-2.1376	0.98373	continuous	SI_continuous	3	Loneliness	3.1929406704478547	0.0014083187878228438	0.7962416828307919	False	False	male	FAM170B-AS1	not_significant
8498	-3.7597	0.99991	0.75498	0.22513	continuous	SI_continuous	1	AbilityToConfide	-3.1923608428872825	0.001411149221942568	0.6045999832189145	False	False	female	RANBP3	not_significant
101927572	1.6974	0.044806	-2.8162	0.99757	continuous	SI_continuous	2	FreqSoc	3.191597167563601	0.0014148851139558453	0.6706627379493804	False	False	male	LOC101927572	not_significant
7414	3.7443	9.0448e-05	-0.76922	0.77912	continuous	SI_continuous	1	AbilityToConfide	3.1915405990211054	0.0014151622091209618	0.6045999832189145	False	False	male	VCL	not_significant
11060	2.4209	0.007741	-2.0917	0.98177	continuous	SI_continuous	2	FreqSoc	3.190890060782414	0.001418352401583816	0.6706627379493804	False	False	male	WWP2	not_significant
487	-1.4287	0.92345	3.0816	0.0010295	continuous	SI_continuous	2	FreqSoc	-3.189263715185685	0.001426356912079067	0.6706627379493804	False	False	female	ATP2A1	not_significant
101927311	-1.9108	0.97198	2.5917	0.0047756	continuous	SI_continuous	3	Loneliness	-3.1837482822924295	0.0014538137552347313	0.7962416828307919	False	False	female	LINC02185	not_significant
256126	-1.6375	0.94924	2.8644	0.0020891	binary	SI	2	FreqSoc	-3.183324018223718	0.001455945868371245	0.7329512115048537	False	False	female	SYCE2	not_significant
100507257	-1.8174	0.96542	2.6841	0.0036368	binary	SI	2	FreqSoc	-3.1830411755112435	0.0014573688777531396	0.7329512115048537	False	False	female	MEG9	not_significant
100507008	-1.43	0.92363	3.0706	0.0010683	continuous	SI_continuous	1	AbilityToConfide	-3.182404779408176	0.0014605753367077387	0.6045999832189145	False	False	female	LINC00844	not_significant
6374	2.5856	0.0048599	-1.9138	0.97218	continuous	SI_continuous	1	AbilityToConfide	3.1815562512707514	0.0014648607292940782	0.6045999832189145	False	False	male	CXCL5	not_significant
285971	-2.0337	0.97901	2.464	0.00687	binary	SI	1	AbilityToConfide	-3.1803541697427344	0.0014709515394932416	0.7562662460886094	False	False	female	ZNF775	not_significant
54949	-1.8544	0.96816	2.6416	0.0041254	binary	SI	2	FreqSoc	-3.179152088214718	0.0014770656796984894	0.7329512115048537	False	False	female	SDHAF2	not_significant
160728	-3.109	0.99906	1.3848	0.083049	continuous	SI_continuous	1	AbilityToConfide	-3.177596453296107	0.0014850128594040835	0.6045999832189145	False	False	female	SLC5A8	not_significant
7262	3.1405	0.00084331	-1.351	0.91165	continuous	SI_continuous	1	AbilityToConfide	3.1759701076993783	0.0014933633847734964	0.6045999832189145	False	False	male	PHLDA2	not_significant
10647	-2.2689	0.98836	2.2216	0.013155	continuous	SI_continuous	2	FreqSoc	-3.1752630009181915	0.001497007524326506	0.6706627379493804	False	False	female	SCGB1D2	not_significant
9266	1.7357	0.041312	-2.7545	0.99706	binary	SI	3	Loneliness	3.1750508688838353	0.0014981023627217611	0.7666043131764823	False	False	male	CYTH2	not_significant
6502	1.1747	0.12007	-3.3147	0.99954	binary	SI	1	AbilityToConfide	3.174485183458886	0.001501025539304559	0.7562662460886094	False	False	male	SKP2	not_significant
100191040	-4.0818	0.99998	0.40654	0.34217	binary	SI	2	FreqSoc	-3.1737356502708285	0.0015049068425583405	0.7329512115048537	False	False	female	C2CD4D	not_significant
101927728	-1.2679	0.89758	3.2184	0.00064465	continuous	SI_continuous	2	FreqSoc	-3.172293152437208	0.0015124025516410355	0.6706627379493804	False	False	female	LINC01476	not_significant
58513	-1.3476	0.91111	3.138	0.00085048	continuous	SI_continuous	2	FreqSoc	-3.1717981776903774	0.0015149825238676587	0.6706627379493804	False	False	female	EPS15L1	not_significant
84439	-2.5869	0.99516	1.8974	0.028887	binary	SI	2	FreqSoc	-3.170878938874835	0.001519784659746954	0.7329512115048537	False	False	female	HHIPL1	not_significant
10717	1.4804	0.069377	-3.0039	0.99867	continuous	SI_continuous	1	AbilityToConfide	3.1708789388748344	0.0015197846597469573	0.6045999832189145	False	False	male	AP4B1	not_significant
1388	-0.73582	0.76908	3.7473	8.9358e-05	continuous	SI_continuous	1	AbilityToConfide	-3.170044552873035	0.00152415565703784	0.6045999832189145	False	False	female	ATF6B	not_significant
79816	3.4133	0.00032096	-1.0681	0.85725	binary	SI	2	FreqSoc	3.168828329209394	0.0015305476845171877	0.7329512115048537	False	False	male	TLE6	not_significant
51642	0.68615	0.24631	-3.7936	0.99993	continuous	SI_continuous	1	AbilityToConfide	3.167661603020436	0.0015367027663440766	0.6045999832189145	False	False	male	MRPL48	not_significant
1813	2.6981	0.0034864	-1.7816	0.96259	continuous	SI_continuous	3	Loneliness	3.167626247681377	0.0015368896393592707	0.7962416828307919	False	False	male	DRD2	not_significant
254128	-1.3943	0.91838	3.0819	0.0010283	binary	SI	3	Loneliness	-3.165151373947224	0.0015500228811510316	0.7666043131764823	False	False	female	NIFK-AS1	not_significant
101927418	-2.6025	0.99537	1.8735	0.030499	continuous	SI_continuous	3	Loneliness	-3.1650099525909865	0.001550776464710943	0.7962416828307919	False	False	female	LOC101927418	not_significant
1132	-1.8162	0.96533	2.6586	0.0039233	binary	SI	2	FreqSoc	-3.1641614244535625	0.001555305055800176	0.7329512115048537	False	False	female	CHRM4	not_significant
644096	3.2972	0.00048835	-1.1773	0.88045	continuous	SI_continuous	2	FreqSoc	3.1639492924192067	0.0015564391047760832	0.6706627379493804	False	False	male	SDHAF1	not_significant
66008	2.5989	0.0046765	-1.8751	0.96961	continuous	SI_continuous	1	AbilityToConfide	3.1635957390286134	0.0015583308786315865	0.6045999832189145	False	False	male	TRAK2	not_significant
408187	1.2286	0.10961	-3.2445	0.99941	binary	SI	1	AbilityToConfide	3.162959342925545	0.0015617414081790732	0.7562662460886094	False	False	male	SPINK14	not_significant
51397	-2.3643	0.99097	2.1081	0.017512	continuous	SI_continuous	3	Loneliness	-3.162464368178715	0.0015643987926126557	0.7962416828307919	False	False	female	COMMD10	not_significant
283948	-1.8428	0.96732	2.6294	0.004277	continuous	SI_continuous	3	Loneliness	-3.1623229468224774	0.0015651588096781363	0.7962416828307919	False	False	female	NHLRC4	not_significant
7163	2.8366	0.0022795	-1.6337	0.94884	continuous	SI_continuous	1	AbilityToConfide	3.1609794439382233	0.0015723959471990719	0.6045999832189145	False	False	male	TPD52	not_significant
645700	-1.4908	0.93199	2.9794	0.0014441	binary	SI	1	AbilityToConfide	-3.1609087332601047	0.0015727777013274113	0.7562662460886094	False	False	female	ZNF890P	not_significant
153364	1.5353	0.062357	-2.9337	0.99832	binary	SI	3	Loneliness	3.1600602051226807	0.0015773654119403818	0.7666043131764823	False	False	male	MBLAC2	not_significant
79783	-1.5475	0.93913	2.9211	0.0017437	continuous	SI_continuous	1	AbilityToConfide	-3.1597773624102063	0.001578897384675338	0.6045999832189145	False	False	female	SUGCT	not_significant
28513	-0.66478	0.7469	3.8036	7.1313e-05	binary	SI	1	AbilityToConfide	-3.159621798918345	0.0015797405534721677	0.7562662460886094	False	False	female	CDH19	not_significant
5756	1.8935	0.029146	-2.5745	0.99498	binary	SI	3	Loneliness	3.159353098341494	0.0015811979124346032	0.7666043131764823	False	False	male	TWF1	not_significant
4282	2.4247	0.007661	-2.0422	0.97944	continuous	SI_continuous	2	FreqSoc	3.158575280882189	0.0015854235635816736	0.6706627379493804	False	False	male	MIF	not_significant
116804918	-2.1637	0.98476	2.3009	0.010699	binary	SI	1	AbilityToConfide	-3.1569489352854596	0.0015942926312675033	0.7562662460886094	False	False	female	TBCEL-TECTA	not_significant
7056	-2.2394	0.98743	2.2244	0.01306	binary	SI	2	FreqSoc	-3.1563832498605104	0.001597388215002818	0.7329512115048537	False	False	female	THBD	not_significant
337876	-1.8563	0.9683	2.6039	0.0046088	binary	SI	2	FreqSoc	-3.1538376654482394	0.0016113869308371962	0.7329512115048537	False	False	female	CHSY3	not_significant
79183	-2.4905	0.99362	1.9685	0.024505	binary	SI	2	FreqSoc	-3.152989137310815	0.0016160782045266857	0.7329512115048537	False	False	female	TTPAL	not_significant
100128788	-3.1955	0.9993	1.263	0.1033	binary	SI	3	Loneliness	-3.152635583920222	0.0016180366094189708	0.7666043131764823	False	False	female	SRRM2-AS1	not_significant
1675	2.6824	0.0036547	-1.7761	0.96214	continuous	SI_continuous	3	Loneliness	3.152635583920222	0.0016180366094189708	0.7962416828307919	False	False	male	CFD	not_significant
11116	-1.2229	0.88931	3.2332	0.00061205	binary	SI	2	FreqSoc	-3.1509385276453745	0.001627467394275799	0.7329512115048537	False	False	female	CEP43	not_significant
103695431	-2.8984	0.99812	1.5573	0.059695	binary	SI	3	Loneliness	-3.1506556849328997	0.0016290441011757373	0.7666043131764823	False	False	female	LINC01048	not_significant
89858	2.9049	0.0018369	-1.5493	0.93934	continuous	SI_continuous	1	AbilityToConfide	3.14959502476112	0.0016349692807047646	0.6045999832189145	False	False	male	SIGLEC12	not_significant
81671	-3.7173	0.9999	0.73542	0.23104	binary	SI	1	AbilityToConfide	-3.1485485067249632	0.001640834889850223	0.7639301845504529	False	False	female	VMP1	not_significant
105371173	-3.9301	0.99996	0.52219	0.30077	binary	SI	3	Loneliness	-3.1482444508090532	0.0016425427139540188	0.7666043131764823	False	False	female	LINC02190	not_significant
54681	-1.0319	0.84893	3.4196	0.00031358	continuous	SI_continuous	1	AbilityToConfide	-3.1476858364519162	0.0016456846080885959	0.6045999832189145	False	False	female	P4HTM	not_significant
53820	-3.0302	0.99878	1.4199	0.077819	continuous	SI_continuous	3	Loneliness	-3.146695886958255	0.0016512661093099356	0.7962416828307919	False	False	female	RIPPLY3	not_significant
100616415	-1.9747	0.97585	2.4748	0.0066664	continuous	SI_continuous	2	FreqSoc	-3.146271622889543	0.0016536635091954663	0.6706627379493804	False	False	female	MIR4535	not_significant
23312	-1.3737	0.91524	3.0755	0.0010506	continuous	SI_continuous	3	Loneliness	-3.1460594908551864	0.0016548634097627865	0.7962416828307919	False	False	female	DMXL2	not_significant
100287072	1.9975	0.022887	-2.4512	0.99288	continuous	SI_continuous	2	FreqSoc	3.145705937464594	0.0016568650244054967	0.6706627379493804	False	False	male	LOC100287072	not_significant
6799	-1.4989	0.93305	2.9494	0.0015919	continuous	SI_continuous	2	FreqSoc	-3.145423094752119	0.001658467919729338	0.6706627379493804	False	False	female	SULT1A2	not_significant
79145	-2.7135	0.99667	1.7316	0.041674	continuous	SI_continuous	1	AbilityToConfide	-3.1431603530523224	0.001671342538282389	0.6045999832189145	False	False	female	CHCHD7	not_significant
55367	2.0918	0.018227	-2.3532	0.99069	binary	SI	3	Loneliness	3.143089642374204	0.0016717463477485368	0.7666043131764823	False	False	male	PIDD1	not_significant
100134713	2.8344	0.0022956	-1.6091	0.94621	continuous	SI_continuous	1	AbilityToConfide	3.1420289822024237	0.0016778142705828891	0.6045999832189145	False	False	male	NDUFB2-AS1	not_significant
4224	1.5932	0.055562	-2.8498	0.99781	binary	SI	2	FreqSoc	3.1416754288118303	0.0016798414098296165	0.7329512115048537	False	False	male	MEP1A	not_significant
84671	-2.0401	0.97933	2.4006	0.008183	continuous	SI_continuous	1	AbilityToConfide	-3.1400490832151013	0.0016891953024562477	0.6045999832189145	False	False	female	ZNF347	not_significant
5526	1.8076	0.035336	-2.6321	0.99576	continuous	SI_continuous	3	Loneliness	3.139341976433915	0.0016932771369190108	0.7962416828307919	False	False	male	PPP2R5B	not_significant
4140	3.1065	0.00094654	-1.3293	0.90813	binary	SI	1	AbilityToConfide	3.1365842599872877	0.0017092831333169263	0.7705283528063249	False	False	male	MARK3	not_significant
63943	-0.64375	0.74013	3.7919	7.4746e-05	continuous	SI_continuous	1	AbilityToConfide	-3.136478193970109	0.0017099015185176305	0.6045999832189145	False	False	female	FKBPL	not_significant
109729128	-0.65424	0.74352	3.7806	7.8212e-05	continuous	SI_continuous	2	FreqSoc	-3.1359054374773483	0.0017132443556024004	0.6706627379493804	False	False	female	LINC01930	not_significant
2639	-2.1785	0.98531	2.2556	0.012049	binary	SI	1	AbilityToConfide	-3.13538217845927	0.0017163035582178192	0.7705283528063249	False	False	female	GCDH	not_significant
6683	-1.248	0.89398	3.1852	0.00072322	continuous	SI_continuous	1	AbilityToConfide	-3.1347457823562026	0.0017200309803925336	0.6045999832189145	False	False	female	SPAST	not_significant
9379	2.6445	0.0040911	-1.7879	0.9631	continuous	SI_continuous	1	AbilityToConfide	3.1341800969312525	0.0017233504929178012	0.6045999832189145	False	False	male	NRXN2	not_significant
440888	1.5322	0.062733	-2.8988	0.99813	binary	SI	2	FreqSoc	3.133190147437592	0.0017291738196990125	0.7329512115048537	False	False	male	ACTR3BP2	not_significant
219874	1.5798	0.057074	-2.8503	0.99782	binary	SI	3	Loneliness	3.1325537513345236	0.001732926936506851	0.7666043131764823	False	False	male	OR6T1	not_significant
3853	1.5442	0.061273	-2.8841	0.99804	continuous	SI_continuous	1	AbilityToConfide	3.131280959128388	0.0017404556519513572	0.6045999832189145	False	False	male	KRT6A	not_significant
152137	1.3141	0.094402	-3.1139	0.99908	continuous	SI_continuous	2	FreqSoc	3.1310688270940323	0.0017417133579714073	0.6706627379493804	False	False	male	CCDC50	not_significant
103695431	-2.7645	0.99715	1.6627	0.048182	binary	SI	2	FreqSoc	-3.130503141669083	0.0017450713274253168	0.7329512115048537	False	False	female	LINC01048	not_significant
2079	2.7968	0.0025805	-1.6298	0.94843	continuous	SI_continuous	1	AbilityToConfide	3.1300788776003716	0.0017475937098859508	0.6045999832189145	False	False	male	ERH	not_significant
55334	2.6291	0.0042809	-1.7946	0.96364	continuous	SI_continuous	1	AbilityToConfide	3.1280282679349303	0.0017598325496573919	0.6045999832189145	False	False	male	SLC39A9	not_significant
102465455	-1.4081	0.92044	3.0104	0.0013044	binary	SI	1	AbilityToConfide	-3.12435131267276	0.0017819755758268694	0.7859762798572514	False	False	female	MIR6760	not_significant
96610	-2.6219	0.99563	1.7965	0.036207	continuous	SI_continuous	1	AbilityToConfide	-3.1242806019946414	0.0017824039021846728	0.6045999832189145	False	False	female	BMS1P20	not_significant
259249	1.9975	0.022887	-2.4165	0.99217	binary	SI	2	FreqSoc	3.1211693321574203	0.0018013442186549304	0.7329512115048537	False	False	male	MRGPRX1	not_significant
55437	2.8156	0.0024346	-1.5948	0.94462	continuous	SI_continuous	3	Loneliness	3.1186237477451493	0.0018169782389765338	0.7962416828307919	False	False	male	STRADB	not_significant
8288	-1.4968	0.93278	2.9127	0.0017913	binary	SI	1	AbilityToConfide	-3.1179873516420806	0.0018209061793754693	0.7893000388910116	False	False	female	EPX	not_significant
100506733	1.9109	0.028009	-2.497	0.99374	binary	SI	3	Loneliness	3.1168559807921823	0.001827908457257085	0.7666043131764823	False	False	male	FAM170B-AS1	not_significant
10150	-2.5233	0.99419	1.8835	0.029813	continuous	SI_continuous	2	FreqSoc	-3.1160781633328773	0.001832736867300246	0.6706627379493804	False	False	female	MBNL2	not_significant
55227	-2.6489	0.99596	1.757	0.039457	binary	SI	3	Loneliness	-3.1154417672298096	0.0018366960985862267	0.7666043131764823	False	False	female	LRRC1	not_significant
7424	1.5928	0.055602	-2.8117	0.99754	continuous	SI_continuous	1	AbilityToConfide	3.114451817736149	0.0018428705261009288	0.6045999832189145	False	False	male	VEGFC	not_significant
146325	-2.3815	0.99138	2.023	0.021539	binary	SI	3	Loneliness	-3.114451817736149	0.0018428705261009288	0.7666043131764823	False	False	female	PRR35	not_significant
9091	-1.7283	0.95804	2.6757	0.0037289	binary	SI	2	FreqSoc	-3.114098264345555	0.0018450802966477682	0.7329512115048537	False	False	female	PIGQ	not_significant
101929329	1.6392	0.050588	-2.7641	0.99715	continuous	SI_continuous	3	Loneliness	3.1136032895987245	0.0018481780655712112	0.7962416828307919	False	False	male	LAMP5-AS1	not_significant
100506492	-1.2364	0.89185	3.1661	0.00077262	continuous	SI_continuous	1	AbilityToConfide	-3.1130376041737753	0.0018517242236926303	0.6045999832189145	False	False	female	DSCAM-AS1	not_significant
150538	-2.7503	0.99702	1.6522	0.049243	continuous	SI_continuous	1	AbilityToConfide	-3.1130376041737753	0.0018517242236926303	0.6045999832189145	False	False	female	SATB2-AS1	not_significant
91937	-2.5674	0.99488	1.8295	0.033661	continuous	SI_continuous	2	FreqSoc	-3.109077806199131	0.001876722892640317	0.6706627379493804	False	False	female	TIMD4	not_significant
203259	-0.88395	0.81164	3.512	0.00022238	continuous	SI_continuous	2	FreqSoc	-3.1084060547570034	0.0018809943668226413	0.6706627379493804	False	False	female	FAM219A	not_significant
80343	-0.77445	0.78067	3.6201	0.00014722	continuous	SI_continuous	2	FreqSoc	-3.107416105263342	0.0018873054497688627	0.6706627379493804	False	False	female	SEL1L2	not_significant
54927	-0.96968	0.8339	3.423	0.0003097	continuous	SI_continuous	1	AbilityToConfide	-3.1060938155825237	0.0018957655938570861	0.607182147664923	False	False	female	CHCHD3	not_significant
286102	-1.0751	0.85884	3.3116	0.00046383	continuous	SI_continuous	2	FreqSoc	-3.1018653170310273	0.0019230542956528858	0.6706627379493804	False	False	female	TMED10P1	not_significant
64342	2.1501	0.015773	-2.2356	0.98731	continuous	SI_continuous	3	Loneliness	3.1011582102498414	0.0019276526703099067	0.7962416828307919	False	False	male	HS1BP3	not_significant
100616425	1.6668	0.047777	-2.7118	0.99665	continuous	SI_continuous	3	Loneliness	3.096137752103417	0.0019605925640190907	0.7962416828307919	False	False	male	MIR4748	not_significant
9312	1.3323	0.091382	-3.0461	0.99884	continuous	SI_continuous	1	AbilityToConfide	3.0959963307471794	0.001961527887227746	0.607182147664923	False	False	male	KCNB2	not_significant
27283	-2.0178	0.97819	2.36	0.009138	continuous	SI_continuous	1	AbilityToConfide	-3.0955720666784674	0.0019643363151658766	0.607182147664923	False	False	female	TINAG	not_significant
10116	-2.9161	0.99823	1.4582	0.072392	continuous	SI_continuous	3	Loneliness	-3.0930971929443145	0.0019807925116510847	0.7962416828307919	False	False	female	FEM1B	not_significant
2619	-2.6083	0.99545	1.766	0.038699	binary	SI	1	AbilityToConfide	-3.0930971929443145	0.0019807925116510847	0.8229073389559314	False	False	female	GAS1	not_significant
29902	-2.1277	0.98332	2.2452	0.012379	binary	SI	3	Loneliness	-3.0921072434506534	0.001987410349332618	0.7666043131764823	False	False	female	FAM216A	not_significant
80351	2.872	0.0020395	-1.5002	0.93322	continuous	SI_continuous	1	AbilityToConfide	3.0916122687038223	0.001990726872859587	0.607182147664923	False	False	male	TNKS2	not_significant
57172	-2.4411	0.99268	1.9303	0.026786	continuous	SI_continuous	2	FreqSoc	-3.091046583278873	0.001994523405126771	0.6706627379493804	False	False	female	CAMK1G	not_significant
990	-3.0896	0.999	1.2806	0.10017	continuous	SI_continuous	2	FreqSoc	-3.0901980551414496	0.0020002306647889365	0.6706627379493804	False	False	female	CDC6	not_significant
114659	-0.020516	0.50818	4.3494	6.8241e-06	continuous	SI_continuous	1	AbilityToConfide	-3.089997236815593	0.0020015835744515605	0.607182147664923	False	False	female	LRRC37B	not_significant
27074	-1.5314	0.93716	2.837	0.0022771	continuous	SI_continuous	1	AbilityToConfide	-3.088925262935314	0.002008819661701096	0.607182147664923	False	False	female	LAMP3	not_significant
23064	1.5024	0.066502	-2.8632	0.9979	binary	SI	1	AbilityToConfide	3.0869453639479913	0.002022247618976311	0.8229073389559314	False	False	male	SETX	not_significant
93273	1.6075	0.053977	-2.7545	0.99706	binary	SI	3	Loneliness	3.0843997795357203	0.0020396331597769455	0.7666043131764823	False	False	male	LEMD1	not_significant
5899	-3.1396	0.99915	1.2222	0.11082	binary	SI	2	FreqSoc	-3.084258358179483	0.0020406030324589294	0.7329512115048537	False	False	female	RALB	not_significant
2255	-1.3773	0.91579	2.9844	0.0014206	binary	SI	3	Loneliness	-3.084187647501364	0.0020410881274638554	0.7666043131764823	False	False	female	FGF10	not_significant
100996295	-2.0646	0.98052	2.2968	0.010815	binary	SI	3	Loneliness	-3.083975515467008	0.002042544047382115	0.7666043131764823	False	False	female	DNAH17-AS1	not_significant
5611	-1.2874	0.90103	3.0736	0.0010574	continuous	SI_continuous	3	Loneliness	-3.0836926727545335	0.002044486756152431	0.7962416828307919	False	False	female	DNAJC3	not_significant
144776	0.93315	0.17537	-3.4275	0.9997	binary	SI	3	Loneliness	3.0834451853811187	0.0020461880168501463	0.7666043131764823	False	False	male	LINC00410	not_significant
10955	-2.2532	0.98788	2.1066	0.017576	binary	SI	2	FreqSoc	-3.0828441446171095	0.0020503250587765973	0.7329512115048537	False	False	female	SERINC3	not_significant
6035	1.909	0.028133	-2.4506	0.99287	binary	SI	1	AbilityToConfide	3.082702723260873	0.0020512995949977225	0.8229073389559314	False	False	male	RNASE1	not_significant
51699	-2.3423	0.99042	2.0149	0.021957	binary	SI	2	FreqSoc	-3.0810056669860244	0.002063027223319906	0.7329512115048537	False	False	female	VPS29	not_significant
100130357	3.18	0.00073646	-1.1771	0.88043	continuous	SI_continuous	3	Loneliness	3.080934956307906	0.002063517206710209	0.7962416828307919	False	False	male	LOC100130357	not_significant
100616266	3.2829	0.0005138	-1.0716	0.85805	binary	SI	3	Loneliness	3.0790964786768207	0.002076294307478421	0.7666043131764823	False	False	male	MIR4733	not_significant
6514	1.6034	0.05442	-2.7509	0.99703	binary	SI	1	AbilityToConfide	3.078955057320584	0.002077280161083146	0.8229073389559314	False	False	male	SLC2A2	not_significant
6799	-1.3826	0.91661	2.9708	0.001485	continuous	SI_continuous	1	AbilityToConfide	-3.078318661217516	0.0020817218180956684	0.607182147664923	False	False	female	SULT1A2	not_significant
100129792	-0.050012	0.51994	4.3026	8.4402e-06	continuous	SI_continuous	1	AbilityToConfide	-3.0777614610739406	0.0020856178865169316	0.607182147664923	False	False	female	CCDC152	not_significant
4015	2.6447	0.0040879	-1.7077	0.95615	binary	SI	1	AbilityToConfide	3.077611554436329	0.0020866672084942166	0.8229073389559314	False	False	male	LOX	not_significant
5689	-2.6417	0.99588	1.7078	0.043839	binary	SI	2	FreqSoc	-3.075560944770888	0.002101069842121306	0.7329512115048537	False	False	female	PSMB1	not_significant
27022	-2.7732	0.99722	1.5731	0.057843	continuous	SI_continuous	3	Loneliness	-3.0732982030710914	0.0021170681721963043	0.7962416828307919	False	False	female	FOXD3	not_significant
23625	-2.8775	0.998	1.4664	0.071264	binary	SI	1	AbilityToConfide	-3.0716011467962434	0.0021291401463892855	0.8229073389559314	False	False	female	FAM89B	not_significant
3588	2.7587	0.0029018	-1.5847	0.94348	binary	SI	3	Loneliness	3.0712475934056505	0.002131663072464293	0.7666043131764823	False	False	male	IL10RB	not_significant
127255	-1.9611	0.97507	2.3821	0.0086077	continuous	SI_continuous	2	FreqSoc	-3.071106172049413	0.0021326730102272837	0.6706627379493804	False	False	female	LRRIQ3	not_significant
100422875	1.9062	0.028312	-2.4361	0.99258	continuous	SI_continuous	2	FreqSoc	3.070469775946345	0.00213722316192255	0.6706627379493804	False	False	male	MIR3192	not_significant
7089	3.679	0.00011707	-0.6622	0.74608	binary	SI	3	Loneliness	3.0696919584870397	0.0021427965462166624	0.7666043131764823	False	False	male	TLE2	not_significant
51201	-2.5054	0.99388	1.8347	0.033274	continuous	SI_continuous	2	FreqSoc	-3.0689141410277343	0.002148383253756207	0.6706627379493804	False	False	female	ZDHHC2	not_significant
5036	-0.98471	0.83762	3.3516	0.0004018	continuous	SI_continuous	1	AbilityToConfide	-3.066234206327038	0.0021677344302116113	0.607182147664923	False	False	female	PA2G4	not_significant
106865373	-2.0382	0.97923	2.2978	0.010788	continuous	SI_continuous	1	AbilityToConfide	-3.06601500322487	0.0021693242923791116	0.607182147664923	False	False	female	GET1-SH3BGR	not_significant
9400	1.9825	0.02371	-2.3531	0.99069	binary	SI	3	Loneliness	3.065732160512395	0.002171377306922916	0.7666043131764823	False	False	male	RECQL5	not_significant
9776	0.37639	0.35331	4.7097	1.2404e-06	continuous	SI_continuous	1	AbilityToConfide	-3.064112885983478	0.0021831651415269563	0.607182147664923	False	True	female	ATG13	female_specific
93273	1.8299	0.03363	-2.5021	0.99383	binary	SI	2	FreqSoc	3.0631865761001236	0.002189934747855492	0.7329512115048537	False	False	male	LEMD1	not_significant
102466659	-1.6899	0.95447	2.6417	0.0041248	binary	SI	1	AbilityToConfide	-3.0629037333876488	0.002192005634450038	0.8229073389559314	False	False	female	MIR6515	not_significant
400618	-2.9831	0.99857	1.3481	0.088812	binary	SI	2	FreqSoc	-3.0626208906751744	0.0021940783158723802	0.7329512115048537	False	False	female	SOX9-AS1	not_significant
594	-1.3855	0.91705	2.9453	0.0016135	binary	SI	2	FreqSoc	-3.0623380479626996	0.002196152793512133	0.7329512115048537	False	False	female	BCKDHB	not_significant
170370	2.2927	0.010934	-2.0363	0.97914	binary	SI	3	Loneliness	3.0610652557565645	0.0022055102083864894	0.7666043131764823	False	False	male	FAM170B	not_significant
11136	-2.0713	0.98083	2.2575	0.011989	continuous	SI_continuous	1	AbilityToConfide	-3.0609238344003264	0.002206552173672601	0.607182147664923	False	False	female	SLC7A9	not_significant
59342	1.2366	0.10812	-3.0921	0.99901	binary	SI	3	Loneliness	3.060853123722208	0.002207073325483589	0.7666043131764823	False	False	male	SCPEP1	not_significant
100616407	-2.0359	0.97912	2.2917	0.010962	continuous	SI_continuous	2	FreqSoc	-3.060075306262903	0.0022128134455128836	0.6706627379493804	False	False	female	MIR4443	not_significant
100302155	-2.6611	0.99611	1.6643	0.048028	binary	SI	2	FreqSoc	-3.0585196713442926	0.002224334751051113	0.7329512115048537	False	False	female	MIR1256	not_significant
23344	-1.1194	0.86852	3.2058	0.00067341	continuous	SI_continuous	1	AbilityToConfide	-3.058378249988055	0.002225384863663265	0.607182147664923	False	False	female	ESYT1	not_significant
137362	-2.5257	0.99423	1.7991	0.035998	binary	SI	1	AbilityToConfide	-3.05809540727558	0.0022274864519419096	0.8229073389559314	False	False	female	GOT1L1	not_significant
4629	-2.1453	0.98404	2.1781	0.0147	binary	SI	1	AbilityToConfide	-3.0571054577819194	0.002234856341428787	0.8229073389559314	False	False	female	MYH11	not_significant
23512	0.1451	0.44232	4.4663	3.9792e-06	continuous	SI_continuous	1	AbilityToConfide	-3.055549822863309	0.0022464827512026007	0.607182147664923	False	False	female	SUZ12	not_significant
101927394	-2.4482	0.99282	1.8726	0.030562	binary	SI	3	Loneliness	-3.0552669801508343	0.0022486025885906005	0.7666043131764823	False	False	female	LOC101927394	not_significant
9450	2.0769	0.018906	-2.2433	0.98756	continuous	SI_continuous	2	FreqSoc	3.0548427160821223	0.002251785781371625	0.6706627379493804	False	False	male	LY86	not_significant
3856	-0.10706	0.54263	4.2126	1.2622e-05	continuous	SI_continuous	2	FreqSoc	-3.0544608784202816	0.002254654184420715	0.6706627379493804	False	False	female	KRT8	not_significant
4708	2.7994	0.0025595	-1.5194	0.93567	continuous	SI_continuous	1	AbilityToConfide	3.0538527665884607	0.002259229293891202	0.607182147664923	False	False	male	NDUFB2	not_significant
93273	1.3394	0.090223	-2.9789	0.99855	continuous	SI_continuous	3	Loneliness	3.0534992131978678	0.00226189314982745	0.7962416828307919	False	False	male	LEMD1	not_significant
9266	1.588	0.056149	-2.7253	0.99679	binary	SI	2	FreqSoc	3.049963679291935	0.0022886904238885687	0.7329512115048537	False	False	male	CYTH2	not_significant
127495	0.83571	0.20166	-3.4775	0.99975	binary	SI	2	FreqSoc	3.0499000396816283	0.0022891754282259903	0.7329512115048537	False	False	male	LRRC39	not_significant
256148	-0.33319	0.6305	3.9799	3.4479e-05	binary	SI	3	Loneliness	-3.0498151868678858	0.0022898222471277032	0.7666043131764823	False	False	female	OR4S1	not_significant
64857	-2.4446	0.99275	1.8674	0.030921	continuous	SI_continuous	1	AbilityToConfide	-3.049044440476392	0.0022957051901074635	0.607182147664923	False	False	female	PLEKHG2	not_significant
146325	-2.2431	0.98755	2.0688	0.019284	binary	SI	2	FreqSoc	-3.048973729798274	0.002296245602383902	0.7329512115048537	False	False	female	PRR35	not_significant
11278	-1.8306	0.96642	2.4809	0.0065521	continuous	SI_continuous	1	AbilityToConfide	-3.0486908870858	0.0022984084169413383	0.607182147664923	False	False	female	KLF12	not_significant
11035	2.6608	0.0038983	-1.6502	0.95054	continuous	SI_continuous	1	AbilityToConfide	3.048337333695206	0.0023011145590867074	0.607182147664923	False	False	male	RIPK3	not_significant
200879	1.8467	0.032394	-2.4611	0.99307	continuous	SI_continuous	2	FreqSoc	3.0460745919954095	0.0023185030896079152	0.6706627379493804	False	False	male	LIPH	not_significant
6886	1.778	0.0377	-2.5298	0.99429	continuous	SI_continuous	1	AbilityToConfide	3.0460745919954095	0.0023185030896079152	0.607182147664923	False	False	male	TAL1	not_significant
102724188	2.9783	0.0014492	-1.3254	0.90748	binary	SI	3	Loneliness	3.0431754541925446	0.002340958002791045	0.7666043131764823	False	False	male	LINC01674	not_significant
102466659	-1.5183	0.93553	2.7853	0.0026737	binary	SI	3	Loneliness	-3.043104743514425	0.002341508163092609	0.7666043131764823	False	False	female	MIR6515	not_significant
23216	3.0674	0.0010798	-1.2345	0.89149	continuous	SI_continuous	3	Loneliness	3.0419026619864087	0.0023508790213993104	0.7962416828307919	False	False	male	TBC1D1	not_significant
85409	-1.8671	0.96906	2.434	0.0074668	binary	SI	3	Loneliness	-3.0413369765614595	0.0023553007085531127	0.7666043131764823	False	False	female	NKD2	not_significant
285556	-0.96995	0.83397	3.3308	0.000433	continuous	SI_continuous	1	AbilityToConfide	-3.041089489188044	0.002357237590175581	0.6081576325818344	False	False	female	C4orf54	not_significant
103752584	-2.556	0.99471	1.7445	0.040538	continuous	SI_continuous	2	FreqSoc	-3.040912712492747	0.0023586219698323086	0.6706627379493804	False	False	female	CCND2-AS1	not_significant
28513	-1.0121	0.84424	3.288	0.00050447	binary	SI	2	FreqSoc	-3.0406298697802727	0.0023608385257641038	0.7329512115048537	False	False	female	CDH19	not_significant
5584	0.50435	0.30701	-3.7956	0.99993	binary	SI	2	FreqSoc	3.0405238037630946	0.002361670225834786	0.7329512115048537	False	False	male	PRKCI	not_significant
2831	-2.5462	0.99455	1.7522	0.039867	binary	SI	2	FreqSoc	-3.039427788252256	0.0023702801822759975	0.7329512115048537	False	False	female	NPBWR1	not_significant
386618	2.7661	0.0028367	-1.5311	0.93713	binary	SI	2	FreqSoc	3.038579260114832	0.002376965681793604	0.7329512115048537	False	False	male	KCTD4	not_significant
10423	-1.7064	0.95603	2.5905	0.004792	continuous	SI_continuous	3	Loneliness	-3.0383671280804756	0.002378639751934797	0.7962416828307919	False	False	female	CDIPT	not_significant
160	1.9012	0.028636	-2.393	0.99165	binary	SI	3	Loneliness	3.0364579397712723	0.002393755028232197	0.7666043131764823	False	False	male	AP2A1	not_significant
58510	0.97746	0.16417	-3.3151	0.99954	binary	SI	3	Loneliness	3.035298284650126	0.0024029790309922743	0.7666043131764823	False	False	male	PRODH2	not_significant
10282	-3.0021	0.99866	1.2894	0.098638	continuous	SI_continuous	2	FreqSoc	-3.0345487514620686	0.002408958184811549	0.6706627379493804	False	False	female	BET1	not_significant
6307	2.4274	0.0076029	-1.8639	0.96883	binary	SI	2	FreqSoc	3.034407330105831	0.0024100878529880244	0.7329512115048537	False	False	male	MSMO1	not_significant
352909	1.5568	0.059754	-2.7331	0.99686	binary	SI	2	FreqSoc	3.0334173806121694	0.0024180091172149613	0.7329512115048537	False	False	male	DNAAF3	not_significant
6414	0.0020588	0.49918	4.2918	8.8602e-06	continuous	SI_continuous	1	AbilityToConfide	-3.0333050920553175	0.0024189091180526895	0.6081576325818344	False	False	female	SELENOP	not_significant
285800	1.1213	0.13109	-3.1677	0.99923	binary	SI	1	AbilityToConfide	3.032780984509102	0.0024231139343649346	0.8229073389559314	False	False	male	PRR18	not_significant
54867	1.5929	0.055593	-2.695	0.99648	continuous	SI_continuous	2	FreqSoc	3.0320031670497967	0.0024293665499625955	0.6706627379493804	False	False	male	TMEM214	not_significant
109623466	-1.9206	0.97261	2.3668	0.0089723	binary	SI	2	FreqSoc	-3.0316496136592037	0.0024322135265012566	0.7329512115048537	False	False	female	SNORD148	not_significant
1729	1.9525	0.025442	-2.3347	0.99022	binary	SI	1	AbilityToConfide	3.0315081923029665	0.0024333531718403515	0.8229073389559314	False	False	male	DIAPH1	not_significant
9651	-0.7906	0.78541	3.4948	0.00023724	binary	SI	2	FreqSoc	-3.0302354000968306	0.0024436319935217683	0.7329512115048537	False	False	female	PLCH2	not_significant
26290	2.3227	0.010099	-1.962	0.97512	continuous	SI_continuous	2	FreqSoc	3.02974042535	0.002447640032544744	0.6706627379493804	False	False	male	GALNT8	not_significant
283948	-2.0521	0.97992	2.2319	0.012812	binary	SI	3	Loneliness	-3.0292454506031694	0.0024516540867124386	0.7666043131764823	False	False	female	NHLRC4	not_significant
8525	-0.80545	0.78972	3.4781	0.00025248	continuous	SI_continuous	3	Loneliness	-3.0289272525516355	0.00245423773021158	0.7962416828307919	False	False	female	DGKZ	not_significant
137868	-0.72527	0.76586	3.5578	0.00018695	binary	SI	2	FreqSoc	-3.0285878412966656	0.002456996362643323	0.7329512115048537	False	False	female	SGCZ	not_significant
100616296	2.4404	0.0073349	-1.8423	0.96728	continuous	SI_continuous	2	FreqSoc	3.028326211787627	0.0024591247447254025	0.6706627379493804	False	False	male	MIR4678	not_significant
5816	-0.69215	0.75558	3.5904	0.00016507	binary	SI	1	AbilityToConfide	-3.0282201457704487	0.002459988082846196	0.8229073389559314	False	False	female	PVALB	not_significant
3084	-1.9971	0.9771	2.2843	0.011177	continuous	SI_continuous	3	Loneliness	-3.0274069729720843	0.0024666162281915312	0.7962416828307919	False	False	female	NRG1	not_significant
253935	-2.7669	0.99717	1.5134	0.065084	binary	SI	3	Loneliness	-3.0266291555127793	0.002472971480085629	0.7666043131764823	False	False	female	ANGPTL5	not_significant
84618	1.6042	0.054339	-2.6752	0.99627	binary	SI	1	AbilityToConfide	3.025992759409711	0.002478182371575626	0.8229073389559314	False	False	male	NT5C1A	not_significant
11157	-1.1785	0.8807	3.1007	0.00096533	continuous	SI_continuous	2	FreqSoc	-3.0258513380534735	0.0024793417109150845	0.6706627379493804	False	False	female	LSM6	not_significant
2963	2.9457	0.001611	-1.3331	0.90875	binary	SI	2	FreqSoc	3.0255684953409996	0.0024816618784151215	0.7329512115048537	False	False	male	GTF2F2	not_significant
7142	1.8986	0.028811	-2.3798	0.99134	continuous	SI_continuous	2	FreqSoc	3.0252856526285243	0.0024839840322714965	0.6706627379493804	False	False	male	TNP2	not_significant
7936	-1.1598	0.87694	3.1174	0.00091224	continuous	SI_continuous	1	AbilityToConfide	-3.024437124491101	0.0024909624271298707	0.6081576325818344	False	False	female	NELFE	not_significant
201134	-0.73228	0.768	3.5437	0.00019728	binary	SI	2	FreqSoc	-3.023574454218053	0.0024980755113808437	0.7329512115048537	False	False	female	CEP112	not_significant
10981	-2.4045	0.9919	1.8712	0.030657	continuous	SI_continuous	1	AbilityToConfide	-3.0233764643193215	0.0024997106420925302	0.6081576325818344	False	False	female	RAB32	not_significant
4287	-2.8396	0.99774	1.4361	0.075486	binary	SI	3	Loneliness	-3.0233764643193206	0.0024997106420925367	0.7666043131764823	False	False	female	ATXN3	not_significant
5886	-1.4436	0.92558	2.8312	0.0023189	binary	SI	3	Loneliness	-3.0227400682162533	0.002504973053252336	0.7666043131764823	False	False	female	RAD23A	not_significant
478	2.4818	0.0065353	-1.7926	0.96348	binary	SI	2	FreqSoc	3.0224572255037785	0.0025073151541388007	0.7329512115048537	False	False	male	ATP1A3	not_significant
80323	-1.9772	0.97599	2.2967	0.010818	binary	SI	2	FreqSoc	-3.0221036721131855	0.0025102455972445853	0.7329512115048537	False	False	female	CCDC68	not_significant
102465435	-1.7066	0.95606	2.5653	0.0051546	continuous	SI_continuous	1	AbilityToConfide	-3.0206894585508124	0.002521998727284838	0.6081576325818344	False	False	female	MIR6727	not_significant
55635	-1.5372	0.93788	2.7346	0.0031226	binary	SI	3	Loneliness	-3.0206187478726934	0.0025225877029799414	0.7666043131764823	False	False	female	DEPDC1	not_significant
4881	-1.0979	0.86389	3.1732	0.00075396	continuous	SI_continuous	2	FreqSoc	-3.020123773125863	0.0025267140569430525	0.6706627379493804	False	False	female	NPR1	not_significant
220115	1.8626	0.031257	-2.4072	0.99196	binary	SI	3	Loneliness	3.0192045343103207	0.002534393669409086	0.7666043131764823	False	False	male	TPTE2P3	not_significant
642587	-1.8865	0.97039	2.3823	0.0086014	binary	SI	3	Loneliness	-3.018497427529134	0.002540315584446221	0.7666043131764823	False	False	female	MIR205HG	not_significant
390882	1.4918	0.067878	-2.7761	0.99725	binary	SI	1	AbilityToConfide	3.017861031426066	0.0025456561258089434	0.8229073389559314	False	False	male	OR7G2	not_significant
5611	-1.327	0.90774	2.9408	0.0016368	binary	SI	2	FreqSoc	-3.017790320747947	0.002546250152717012	0.7329512115048537	False	False	female	DNAJC3	not_significant
100034743	3.1395	0.00084604	-1.128	0.87034	continuous	SI_continuous	2	FreqSoc	3.0175781887135913	0.0025480329941751064	0.6706627379493804	False	False	male	PDZK1P1	not_significant
26864	3.1395	0.00084604	-1.128	0.87034	continuous	SI_continuous	2	FreqSoc	3.0175781887135913	0.0025480329941751064	0.6706627379493804	False	False	male	RNVU1-7	not_significant
100505824	3.1395	0.00084604	-1.128	0.87034	continuous	SI_continuous	2	FreqSoc	3.0175781887135913	0.0025480329941751064	0.6706627379493804	False	False	male	LINC02805	not_significant
728920	3.1395	0.00084604	-1.128	0.87034	continuous	SI_continuous	2	FreqSoc	3.0175781887135913	0.0025480329941751064	0.6706627379493804	False	False	male	PDE4DIPP1	not_significant
200030	3.1395	0.00084604	-1.128	0.87034	continuous	SI_continuous	2	FreqSoc	3.0175781887135913	0.0025480329941751064	0.6706627379493804	False	False	male	NBPF11	not_significant
10804	-2.3312	0.99013	1.9358	0.026447	binary	SI	2	FreqSoc	-3.017224635322998	0.002551006933830426	0.7329512115048537	False	False	female	GJB6	not_significant
814	4.0206	2.9031e-05	-0.24487	0.59672	continuous	SI_continuous	2	FreqSoc	3.0161427619477825	0.0025601269191802027	0.6706627379493804	False	False	male	CAMK4	not_significant
101929516	2.6153	0.0044577	-1.65	0.95052	continuous	SI_continuous	2	FreqSoc	3.016022553794981	0.0025611420892952103	0.6706627379493804	False	False	male	PABPC4-AS1	not_significant
100287722	0.64732	0.25871	-3.6176	0.99985	continuous	SI_continuous	1	AbilityToConfide	3.01575385321813	0.0025634126243396695	0.6081576325818344	False	False	male	AP4B1-AS1	not_significant
8801	2.6674	0.0038222	-1.5968	0.94484	continuous	SI_continuous	2	FreqSoc	3.015244736335676	0.0025677197395621576	0.6706627379493804	False	False	male	SUCLG2	not_significant
10000	-0.15877	0.56308	4.1053	2.0186e-05	continuous	SI_continuous	1	AbilityToConfide	-3.015152812454121	0.002568498118105037	0.6081576325818344	False	False	female	AKT3	not_significant
84902	-1.6837	0.95388	2.5787	0.0049581	continuous	SI_continuous	1	AbilityToConfide	-3.0139719441295396	0.0025785164967039287	0.6081576325818344	False	False	female	CEP89	not_significant
5764	-1.43	0.92364	2.8324	0.0023102	binary	SI	3	Loneliness	-3.0139719441295396	0.0025785164967039287	0.7666043131764823	False	False	female	PTN	not_significant
1805	-1.6669	0.95224	2.5949	0.0047304	continuous	SI_continuous	1	AbilityToConfide	-3.013547680060828	0.0025821246304485127	0.6081576325818344	False	False	female	DPT	not_significant
84272	-1.2787	0.89949	2.9828	0.0014282	binary	SI	3	Loneliness	-3.013335548026472	0.0025839304280276002	0.7666043131764823	False	False	female	YIPF4	not_significant
9941	-2.7631	0.99714	1.4978	0.067089	continuous	SI_continuous	1	AbilityToConfide	-3.0129112839577603	0.0025875454878826333	0.6081576325818344	False	False	female	EXOG	not_significant
51375	2.2335	0.012756	-2.0269	0.97867	continuous	SI_continuous	1	AbilityToConfide	3.0125577305671665	0.002590561569743394	0.6081576325818344	False	False	male	SNX7	not_significant
