coding	coding_raw	trait_index	trait	lead_snp	chr	lead_bp	window_start	window_end	source_lead_set	p_male_min_window	p_female_min_window	beta_male_lead	beta_female_lead_aligned	sign_discordant	locus_category
binary	SI	1	AbilityToConfide	rs76441558	1	91042852	90542852	91542852	combined	1.0666570947025083e-05	5.179946104595633e-05	0.0243325708460298	0.0192601968107802	False	suggestive-other
binary	SI	1	AbilityToConfide	rs6859953	5	125368536	124868536	125868536	combined	9.580368857994426e-08	0.0001143543453474	0.0165670622998709	0.0074917390430155	False	suggestive-other
binary	SI	1	AbilityToConfide	rs12537384	7	115025708	114525708	115525708	male	4.0196220187414825e-11	0.0041042121172265	0.0238094677445812	0.0073244401619649	False	suggestive-other
binary	SI	1	AbilityToConfide	rs4744250	9	96271752	95771752	96771752	combined	0.0003402812667866	8.007321758814106e-07	-0.0127340269959725	-0.0157031457423126	False	suggestive-other
binary	SI	1	AbilityToConfide	rs938011	11	57709997	57209997	58209997	combined	5.3771322641934746e-05	0.0014641180362337	0.0153734789289969	0.0077610953217501	False	suggestive-other
binary	SI	1	AbilityToConfide	17:62488866:G:T	17	62488866	61988866	62988866	female	0.000329149156321	7.188752554979087e-09	-0.2668454755154604	2.0106814305785305	True	discordant
binary	SI	1	AbilityToConfide	rs613872	18	53210302	52710302	53710302	male	6.574070630948447e-09	3.990567432535597e-05	0.0267364725612899	0.0157149448711172	False	suggestive-other
binary	SI	1	AbilityToConfide	rs1130146	20	47859217	47359217	48359217	combined	5.284486448888581e-05	1.8198566603693734e-07	-0.0111101889474095	-0.0156278769188045	False	suggestive-other
binary	SI	2	FreqSoc	rs1035400	5	151709900	151209900	152209900	combined	5.289161996647408e-05	0.0016712495061041	-0.0050911099349575	-0.0003992370993815	False	suggestive-other
binary	SI	2	FreqSoc	rs4404733	5	152251897	151751897	152751897	combined	2.5253975545262055e-05	0.0004012787157473	0.0055350787690768	0.0004114104389077	False	suggestive-other
binary	SI	2	FreqSoc	rs773020	9	77768122	77268122	78268122	combined	9.562270658933016e-05	8.914996308829322e-05	0.0082507637092715	0.0007329075078839	False	suggestive-other
binary	SI	2	FreqSoc	rs10123378	9	96375217	95875217	96875217	combined	0.0001415113367794	8.822410267428593e-08	-0.0049240967500092	-0.0005677591077667	False	suggestive-other
binary	SI	2	FreqSoc	rs11229292	11	57984777	57484777	58484777	combined	6.683339050841608e-05	0.0002894781811725	-0.0049844636551519	-0.0003749774645706	False	suggestive-other
binary	SI	2	FreqSoc	rs34761053	14	39769122	39269122	40269122	combined	5.326159677107404e-07	0.0011884467436563	1.8082117186487927	0.1116847835046599	False	suggestive-other
binary	SI	2	FreqSoc	rs11867618	17	65875587	65375587	66375587	combined	4.108932545072146e-05	3.643520382395395e-05	0.005088479456526	0.0005951760566693	False	suggestive-other
binary	SI	2	FreqSoc	rs613872	18	53210302	52710302	53710302	male	1.2890405166813867e-09	1.1148963402788506e-06	0.0101675938424581	0.0006663244059364	False	male-amplified
binary	SI	2	FreqSoc	rs6067037	20	47913578	47413578	48413578	combined	0.0005670080590598	1.5427349772528564e-07	-0.0041250814013072	-0.000520612618132	False	suggestive-other
binary	SI	3	Loneliness	rs78196477	2	50901796	50401796	51401796	combined	7.311127484586147e-05	2.6157320609113075e-06	0.0211654660793672	0.0227222489580745	False	suggestive-other
binary	SI	3	Loneliness	rs12622150	2	148673390	148173390	149173390	combined	3.307937372957619e-05	0.0012275019775201	0.0106816846006299	0.0093102787187809	False	suggestive-other
binary	SI	3	Loneliness	rs6727114	2	212752193	212252193	213252193	combined	0.0056137737781939	7.944580038674436e-05	-0.009505800525571	-0.0135860179908135	False	suggestive-other
binary	SI	3	Loneliness	rs4958529	5	151727891	151227891	152227891	combined	2.377893694066402e-05	0.0008689499523611	-0.012929185851731	-0.0115525465012703	False	suggestive-other
binary	SI	3	Loneliness	rs4404733	5	152251897	151751897	152751897	combined	1.1202023291858292e-05	4.092687908378154e-05	0.0150721632085709	0.0132059535285975	False	suggestive-other
binary	SI	3	Loneliness	rs9385564	6	131159590	130659590	131659590	combined	2.1641139813124475e-05	2.621461091817612e-05	0.0134175282818011	0.0096164060386238	False	suggestive-other
binary	SI	3	Loneliness	rs773020	9	77768122	77268122	78268122	combined	6.777729439537319e-05	8.955327507808257e-05	0.022781568152218	0.0202121602078922	False	suggestive-other
binary	SI	3	Loneliness	rs10123378	9	96375217	95875217	96875217	combined	0.0001445201739531	3.701266032501284e-07	-0.0131899835663039	-0.0158903848238195	False	suggestive-other
binary	SI	3	Loneliness	rs10838757	11	47763016	47263016	48263016	female	0.0001364900408839	2.3728222464400015e-08	-0.0115304031613208	-0.0181965301012493	False	suggestive-other
binary	SI	3	Loneliness	rs11867618	17	65875587	65375587	66375587	combined	3.793371366702044e-05	1.2769979925037832e-05	0.0114967632537787	0.0184602040342416	False	suggestive-other
binary	SI	3	Loneliness	rs613872	18	53210302	52710302	53710302	male	3.1551374472953455e-08	5.661669995472675e-07	0.0250718343117982	0.0182834848034791	False	male-amplified
binary	SI	3	Loneliness	rs6122779	20	47893014	47393014	48393014	combined	0.0008127563714414	3.785933096067103e-06	-0.0115352901622109	-0.0127075679969237	False	suggestive-other
continuous	SI_continuous	1	AbilityToConfide	rs76441558	1	91042852	90542852	91542852	combined	7.186268665982092e-05	0.0002332077465131	0.0222926994846821	0.0175421447882794	False	suggestive-other
continuous	SI_continuous	1	AbilityToConfide	rs7614859	3	80463682	79963682	80963682	combined	0.0020639804834005	2.3785748324428057e-06	-0.0108994925996814	-0.0132397145665974	False	suggestive-other
continuous	SI_continuous	1	AbilityToConfide	rs9309882	3	81984281	81484281	82484281	combined	3.53492718367326e-05	2.9468743040943278e-06	-0.0120041114509739	-0.0137791038251689	False	suggestive-other
continuous	SI_continuous	1	AbilityToConfide	rs3909300	5	125371267	124871267	125871267	combined	1.6042091111780518e-05	3.933462790581435e-06	0.0126673515194602	0.0174362812695991	False	suggestive-other
continuous	SI_continuous	1	AbilityToConfide	rs1035401	5	151709678	151209678	152209678	combined	0.0007101923494607	9.293513587233028e-06	-0.0145646659350715	-0.0121106512680705	False	suggestive-other
continuous	SI_continuous	1	AbilityToConfide	rs4404733	5	152251897	151751897	152751897	combined	0.0007101923494607	9.204066002063123e-08	0.0106863006879614	0.016342088398172	False	suggestive-other
continuous	SI_continuous	1	AbilityToConfide	rs12537384	7	115025708	114525708	115525708	male	5.688828320112796e-10	0.0020930869993355	0.0227113607751732	0.0069327608863808	False	suggestive-other
continuous	SI_continuous	1	AbilityToConfide	rs6999893	8	22465427	21965427	22965427	combined	6.992044677385429e-07	0.0015202691774093	-0.0139618189126036	-0.0087269370723749	False	suggestive-other
continuous	SI_continuous	1	AbilityToConfide	rs10821203	9	96447466	95947466	96947466	combined	1.7584144810222312e-05	5.957356861230008e-07	-0.0156730595400004	-0.012986647029625	False	suggestive-other
continuous	SI_continuous	1	AbilityToConfide	rs6597707	10	127158582	126658582	127658582	female	0.0038455200888737	4.621682438940861e-08	0.002361441173426	0.0166209695793379	False	suggestive-other
continuous	SI_continuous	1	AbilityToConfide	rs4757144	11	13331226	12831226	13831226	combined	3.437662622269856e-05	3.5824937279506864e-05	-0.0125846537086146	-0.0114452860473979	False	suggestive-other
continuous	SI_continuous	1	AbilityToConfide	rs938011	11	57709997	57209997	58209997	combined	5.245788775667922e-06	3.6733349123033945e-05	0.0168882881189285	0.0114816516740721	False	suggestive-other
continuous	SI_continuous	1	AbilityToConfide	rs11601296	11	58423297	57923297	58923297	combined	1.0303904008859825e-05	1.5511044092008894e-05	0.0156039841530809	0.0182889740783594	False	suggestive-other
continuous	SI_continuous	1	AbilityToConfide	rs2333611	14	30092677	29592677	30592677	combined	5.997868690493701e-06	2.115624361941871e-05	0.0161395999001103	0.0118355972617158	False	suggestive-other
continuous	SI_continuous	1	AbilityToConfide	rs1025144	15	47685080	47185080	48185080	female	0.0118752156299659	5.880674185806502e-10	0.0023231332898146	0.0196782494735413	False	suggestive-other
continuous	SI_continuous	1	AbilityToConfide	rs4788808	16	71615613	71115613	72115613	combined	2.613914363677531e-06	0.0003641780837983	-0.0149434112632887	-0.0107710395387395	False	suggestive-other
continuous	SI_continuous	1	AbilityToConfide	rs613872	18	53210302	52710302	53710302	combined	3.348294684577243e-06	1.2155284621164e-06	0.021767149962392	0.0161684495425837	False	suggestive-other
continuous	SI_continuous	1	AbilityToConfide	rs3787317	20	48041211	47541211	48541211	combined	0.0001335889277009	3.206048997546997e-07	0.0292352500799558	0.025587672255061	False	suggestive-other
continuous	SI_continuous	1	AbilityToConfide	rs17202777	20	50927090	50427090	51427090	combined	0.0018109285399845	5.170564025927821e-05	-0.0135143581530624	-0.0153197908566811	False	suggestive-other
continuous	SI_continuous	2	FreqSoc	rs6693503	1	19987294	19487294	20487294	combined	0.0007257994848126	2.4467707396717703e-06	0.0124765553416035	0.0153420824465236	False	suggestive-other
continuous	SI_continuous	2	FreqSoc	rs28361285	1	25586652	25086652	26086652	male	1.008104559458397e-10	0.0001086604480965	-0.9573686225082504	0.005138007308235	True	discordant
continuous	SI_continuous	2	FreqSoc	rs11209935	1	72650254	72150254	73150254	combined	0.001130507423945	1.583627946207318e-06	0.0118004693894424	0.0161629596842611	False	suggestive-other
continuous	SI_continuous	2	FreqSoc	rs4370753	1	91088884	90588884	91588884	combined	5.924383462345413e-06	3.316410424629025e-05	0.0119833390226855	0.0131343959994232	False	suggestive-other
continuous	SI_continuous	2	FreqSoc	1:152487914:C:T	1	152487914	151987914	152987914	combined	9.068407316283851e-05	0.0154466337143752	-0.1937548221328005	-0.293047128668522	False	suggestive-other
continuous	SI_continuous	2	FreqSoc	rs45488304	3	38645241	38145241	39145241	male	8.269969383881328e-23	0.0014223833274098	-6.903970179373424	0.879707324546064	True	discordant
continuous	SI_continuous	2	FreqSoc	rs9309882	3	81984281	81484281	82484281	combined	0.0005197537960864	6.896635615363558e-06	-0.0093431090509239	-0.0139202216845716	False	suggestive-other
continuous	SI_continuous	2	FreqSoc	rs4301023	3	85057281	84557281	85557281	combined	1.0449948776662405e-05	0.0007315652076249	-0.0151273059317749	-0.0088343144063534	False	suggestive-other
continuous	SI_continuous	2	FreqSoc	rs312394	4	19275730	18775730	19775730	male	2.1909401928185288e-08	0.0071848257195423	-1.1347116125077132	-0.0133957279412776	False	suggestive-other
continuous	SI_continuous	2	FreqSoc	rs139877647	4	77003525	76503525	77503525	male	3.739624041977848e-19	0.0019027504143933	-2.4636233023126555	0.3086281491434905	True	discordant
continuous	SI_continuous	2	FreqSoc	rs200990814	4	114213580	113713580	114713580	male	1.955293497655296e-26	0.0030276218307597	-6.10004773209142	-0.783858261507739	False	suggestive-other
continuous	SI_continuous	2	FreqSoc	rs114691085	4	185038990	184538990	185538990	female	0.0001889893842121	9.452323411379517e-09	-0.1920197026779213	-0.5950841439110841	False	suggestive-other
continuous	SI_continuous	2	FreqSoc	rs4957687	5	106443053	105943053	106943053	combined	3.4641339532233074e-05	0.0001865792730677	0.0145133090237644	0.0105585679639567	False	suggestive-other
continuous	SI_continuous	2	FreqSoc	5:139947655:C:T	5	139947655	139447655	140447655	combined	0.0079497587038976	0.0015190888306302				suggestive-other
continuous	SI_continuous	2	FreqSoc	5:141353169:C:T	5	141353169	140853169	141853169	male	6.374645592256106e-46	0.0019679372616952	-9.98892583998184	0.296033574027819	True	discordant
continuous	SI_continuous	2	FreqSoc	5:171510075:G:A	5	171510075	171010075	172010075	male	8.106180438625148e-11	0.0200568247335062	-1.5212332849740666	0.2019575421081069	True	discordant
continuous	SI_continuous	2	FreqSoc	rs1051791	6	31378965	30878965	31878965	male	8.361158917186893e-19	9.951057216210982e-05	-2.3490311505685635	-0.3872866528202573	False	suggestive-other
continuous	SI_continuous	2	FreqSoc	rs149070832	6	38862525	38362525	39362525	male	1.002543933341941e-08	0.0056296124342691	-1.038739218833994	0.2148426978399728	True	discordant
continuous	SI_continuous	2	FreqSoc	rs2388357	6	98814598	98314598	99314598	combined	0.0026471597962764	8.226864887306415e-06	-0.008933496788036	-0.015158496340085	False	suggestive-other
continuous	SI_continuous	2	FreqSoc	rs114200255	7	1854838	1354838	2354838	female	0.0020732682549715	6.74681482998484e-09	-0.0428001370138552	-0.6737718390388321	False	suggestive-other
continuous	SI_continuous	2	FreqSoc	rs138102615	7	40234653	39734653	40734653	male	2.024040268262676e-12	0.0010741184265853	-2.4693399396339286	-0.2520211887364644	False	suggestive-other
continuous	SI_continuous	2	FreqSoc	rs17172514	7	56272915	55772915	56772915	male	3.726490872467966e-08	0.0119988634101535	-0.9660562676831363	-0.0726657223154445	False	suggestive-other
continuous	SI_continuous	2	FreqSoc	rs17514908	8	16859260	16359260	17359260	female	0.0040622463282873	1.2018867904793786e-13	0.6462360333634556	-2.647427484348049	True	discordant
continuous	SI_continuous	2	FreqSoc	rs1126058	8	43054553	42554553	43554553	male	1.8982593990293037e-14	0.0055980254616612	1.9533745152376107	0.6071127026041624	False	suggestive-other
continuous	SI_continuous	2	FreqSoc	rs6980664	8	49985395	49485395	50485395	male	8.260947262997083e-09	0.0045851598640768	-0.9165001774780864	-0.0994913350250157	False	suggestive-other
continuous	SI_continuous	2	FreqSoc	rs16917522	8	53136442	52636442	53636442	combined	0.0001343226116088	1.7414172315474995e-05	-0.0168547110050686	-0.0120806880857992	False	suggestive-other
continuous	SI_continuous	2	FreqSoc	rs10099728	8	65260306	64760306	65760306	combined	2.6161774047816813e-08	4.37157052464188e-07	-0.0237799704209995	-0.0204117681413948	False	male-amplified
continuous	SI_continuous	2	FreqSoc	9:101904956:A:G	9	101904956	101404956	102404956	male	1.1455020002119055e-09	0.0032298789159533	-2.2850718283284714	-0.0367165460522014	False	suggestive-other
continuous	SI_continuous	2	FreqSoc	10:43622168:A:G	10	43622168	43122168	44122168	male	4.780527422490468e-15	0.0005207457040579	-2.5928556891184966	0.1758067460509636	True	discordant
continuous	SI_continuous	2	FreqSoc	rs67262263	11	1213405	713405	1713405	female	0.0044154625278508	2.670235089278251e-13	0.5723934286563911	-2.8183836676913256	True	discordant
continuous	SI_continuous	2	FreqSoc	11:6532591:G:T	11	6532591	6032591	7032591	male	7.268377201233201e-09	0.0007763633293788	-1.5934283775184448	-0.0493350171527359	False	suggestive-other
continuous	SI_continuous	2	FreqSoc	11:19186693:G:T	11	19186693	18686693	19686693	female	0.0030764258175119	2.1894971947410105e-12	-0.069677158275377	-3.82878856539637	False	suggestive-other
continuous	SI_continuous	2	FreqSoc	rs12291125	11	60768726	60268726	61268726	male	1.8636943997045032e-35	0.0059417112522317	-8.728482860003462	0.2091660466771129	True	discordant
continuous	SI_continuous	2	FreqSoc	rs146766138	11	67800607	67300607	68300607	female	0.0028833578514395	1.1362997553193386e-18	0.2095782766770718	-2.945562626700677	True	discordant
continuous	SI_continuous	2	FreqSoc	rs115390164	11	105010448	104510448	105510448	male	4.191868965559456e-09	6.418259958106176e-05	-1.7590321698660356	-0.0852770295591975	False	suggestive-other
continuous	SI_continuous	2	FreqSoc	13:52707856:G:A	13	52707856	52207856	53207856	female	0.0016134108687991	1.0072652973631623e-11	0.3760577800384626	-1.3698017170167065	True	discordant
continuous	SI_continuous	2	FreqSoc	rs74074958	14	94832655	94332655	95332655	male	2.8622118014247416e-39	3.071990129710166e-05	-5.823211468722607	1.10939356302031	True	discordant
continuous	SI_continuous	2	FreqSoc	16:48162365:C:T	16	48162365	47662365	48662365	male	4.709479973488911e-11	0.0106652797094882	-3.2674179918777164	0.1005537003860095	True	discordant
continuous	SI_continuous	2	FreqSoc	16:56947284:C:A	16	56947284	56447284	57447284	male	9.23185921178856e-13	0.0024675802908	-2.6808443364005115	0.3015212039793848	True	discordant
continuous	SI_continuous	2	FreqSoc	rs146987511	16	57755652	57255652	58255652	male	1.6023754454733726e-23	0.0004249319181668	-4.439346272415186	-0.4624506759308242	False	suggestive-other
continuous	SI_continuous	2	FreqSoc	17:38854799:G:A	17	38854799	38354799	39354799	male	1.0801858153100596e-08	0.0028592985572098	-1.1590740718318724	0.1520750177286704	True	discordant
continuous	SI_continuous	2	FreqSoc	rs149252844	17	80274216	79774216	80774216	male	3.5340978039377524e-19	0.002996617537138	-2.465648248384526	0.1984379514119498	True	discordant
continuous	SI_continuous	2	FreqSoc	rs141718194	19	48259848	47759848	48759848	female	0.0024172335994645	9.276759838088645e-22	-0.834166864241452	-5.225313810442789	False	suggestive-other
continuous	SI_continuous	2	FreqSoc	rs6095391	20	47618835	47118835	48118835	combined	2.1439775143439908e-08	4.3322396610272855e-08	0.0224722944052976	0.0187229120087679	False	shared
continuous	SI_continuous	3	Loneliness	rs6727114	2	212752193	212252193	213252193	combined	0.0038048744587184	2.9317464397398318e-05	-0.0097444936708221	-0.0138883633200042	False	suggestive-other
continuous	SI_continuous	3	Loneliness	rs6548788	3	82005088	81505088	82505088	combined	6.660484070212574e-06	3.0561561876967435e-06	-0.0143861483969063	-0.0127331516349964	False	suggestive-other
continuous	SI_continuous	3	Loneliness	rs1035400	5	151709900	151209900	152209900	combined	5.4072016207714776e-05	2.268111984175036e-05	-0.0121338388319115	-0.0134773886356275	False	suggestive-other
continuous	SI_continuous	3	Loneliness	rs4404733	5	152251897	151751897	152751897	combined	7.057481745773297e-06	1.369534196881471e-07	0.0151290153268451	0.0163278181525885	False	suggestive-other
continuous	SI_continuous	3	Loneliness	rs9483170	6	131035958	130535958	131535958	combined	9.650913703435043e-06	1.298666668733282e-05	-0.0145022340514414	-0.0130622822004229	False	suggestive-other
continuous	SI_continuous	3	Loneliness	rs773020	9	77768122	77268122	78268122	combined	5.8159958773379926e-05	0.000123564148667	0.0233024768844543	0.0191214770102092	False	suggestive-other
continuous	SI_continuous	3	Loneliness	rs10123378	9	96375217	95875217	96875217	combined	4.838166991149184e-05	1.1166722630407895e-07	-0.0141382832172475	-0.0158480094410053	False	suggestive-other
continuous	SI_continuous	3	Loneliness	rs2290850	11	47807774	47307774	48307774	female	0.0009424591353088	8.214046117482765e-09	-0.0115137533057023	-0.0181318476639494	False	suggestive-other
continuous	SI_continuous	3	Loneliness	rs11229292	11	57984777	57484777	58484777	combined	0.0004054172437941	0.0001858291967046	-0.0111084794206489	-0.0114870334625342	False	suggestive-other
continuous	SI_continuous	3	Loneliness	rs11867618	17	65875587	65375587	66375587	combined	4.570550638727131e-05	3.78745922842176e-05	0.010384204514405	0.0173796546508897	False	suggestive-other
continuous	SI_continuous	3	Loneliness	rs613872	18	53210302	52710302	53710302	combined	3.817698263113407e-07	8.602638642310864e-08	0.0233251849710766	0.0177297224041666	False	suggestive-other
continuous	SI_continuous	3	Loneliness	rs6012555	20	47527742	47027742	48027742	combined	0.0012198355745403	4.999705818771607e-06	0.0112165180377587	0.0120368544883229	False	suggestive-other
