SNP	CHR	BP	A1	A2	allele_alignment	beta_male	se_male	p_male	beta_female	se_female	p_female	beta_diff_male_minus_female	se_interaction	z_interaction	p_interaction	same_direction	n_male	n_female
rs12291125	11	60768726	A	G	same	-8.728482860003462	0.702377293780942	1.8636943997045032e-35	0.2091660466771129	0.2438907891069712	0.3911013580648836	-8.937648906680575	0.7435163615081116	-12.020783091513806	2.7634004141884726e-33	False	161316	187863
5:141353169:C:T	5	141353169	T	C	same	-9.98892583998184	0.7021898645424206	6.374645592256106e-46	0.296033574027819	0.5451558755344873	0.5871122047930147	-10.28495941400966	0.8889688040060103	-11.569539187046797	5.8797612179526225e-31	False	161316	187863
rs74074958	14	94832655	A	G	same	-5.823211468722607	0.4441596377263425	2.8622118014247416e-39	1.10939356302031	0.4223732563713812	0.0086249866854309	-6.932605031742917	0.6129249150450325	-11.310692160773996	1.1616945747716844e-29	False	161316	187863
rs139877647	4	77003525	A	C	same	-2.4636233023126555	0.2754373923874965	3.739624041977848e-19	0.3086281491434905	0.2013612159390057	0.1253475691681836	-2.772251451456146	0.3411921693264055	-8.12519073028326	4.466594823395334e-16	False	161316	187863
rs45488304	3	38645241	A	G	same	-6.903970179373424	0.7022572311915146	8.269969383881328e-23	0.879707324546064	0.6678092781054406	0.187737000222254	-7.783677503919488	0.9690894957043349	-8.031949101111973	9.593617352249807e-16	False	161316	187863
rs146766138	11	67800607	T	C	same	0.2095782766770718	0.2994588397158005	0.4840167981425378	-2.945562626700677	0.3339331733688349	1.1362997553193386e-18	3.155140903377749	0.4485386950532962	7.034266916487215	2.003113455500788e-12	False	161316	187863
rs149252844	17	80274216	A	G	same	-2.465648248384526	0.2754715581948669	3.5340978039377524e-19	0.1984379514119498	0.2726633605238505	0.4667504903200636	-2.664086199796476	0.38759500454271495	-6.873375994459908	6.270001547367952e-12	False	161316	187863
rs67262263	11	1213405	A	G	same	0.5723934286563911	0.3140423692608577	0.0683544369560785	-2.8183836676913256	0.3855486469437928	2.670235089278251e-13	3.390777096347717	0.4972628770088939	6.818882432454475	9.175144665159335e-12	False	161316	187863
rs17514908	8	16859260	T	G	same	0.6462360333634556	0.3753575944476373	0.0851321523385471	-2.647427484348049	0.3569609714486079	1.2018867904793786e-13	3.293663517711505	0.5179907903110351	6.358536829841659	2.036845524446916e-10	False	161316	187863
10:43622168:A:G	10	43622168	G	A	same	-2.5928556891184966	0.3310357327283207	4.780527422490468e-15	0.1758067460509636	0.29864535368957	0.5560755091680585	-2.7686624351694604	0.44584044637442277	-6.209984889626413	5.29896964014775e-10	False	161316	187863
rs146987511	16	57755652	A	G	same	-4.439346272415186	0.444155340423472	1.6023754454733726e-23	-0.4624506759308242	0.4722070761243449	0.3274126422475196	-3.9768955964843618	0.6482696114801257	-6.134632143876581	8.535646890719971e-10	True	161316	187863
rs200990814	4	114213580	A	C	same	-6.10004773209142	0.573348837211403	1.955293497655296e-26	-0.783858261507739	0.667772287453329	0.2404588550991812	-5.316189470583682	0.880141305144986	-6.04015450644933	1.5396672317541293e-09	True	161316	187863
13:52707856:G:A	13	52707856	A	G	same	0.3760577800384626	0.2407904243829676	0.1183436310418689	-1.3698017170167065	0.2012797989954544	1.0072652973631623e-11	1.745859497055169	0.31383687794486514	5.5629520293720285	2.652488234472922e-08	False	161316	187863
rs141718194	19	48259848	T	C	same	-0.834166864241452	0.573302624156051	0.1456636860636579	-5.225313810442789	0.5451749779965196	9.276759838088645e-22	4.391146946201337	0.791133146504253	5.550452494127334	2.8493113292786052e-08	True	161316	187863
16:56947284:C:A	16	56947284	A	C	same	-2.6808443364005115	0.3753895871717112	9.23185921178856e-13	0.3015212039793848	0.3855981252092961	0.4342397673399845	-2.982365540379896	0.5381479873806756	-5.54190596325733	2.991969791751164e-08	False	161316	187863
16:48162365:C:T	16	48162365	T	C	same	-3.2674179918777164	0.4965799969940844	4.709479973488911e-11	0.1005537003860095	0.3569494811945327	0.7781713384114078	-3.3679716922637257	0.6115591758282194	-5.507188552444766	3.646096791135208e-08	False	161316	187863
5:171510075:G:A	5	171510075	A	G	same	-1.5212332849740666	0.2340857005554081	8.106180438625148e-11	0.2019575421081069	0.2111845004846087	0.3389163747321139	-1.7231908270821736	0.3152697391908235	-5.4657666527239295	4.609103425746776e-08	False	161316	187863
rs138102615	7	40234653	C	A	same	-2.4693399396339286	0.3511167375932118	2.024040268262676e-12	-0.2520211887364644	0.2290449496247012	0.2711956689689083	-2.2173187508974643	0.4192189790153617	-5.289165953567703	1.2287536863995148e-07	True	161316	187863
rs149070832	6	38862525	T	C	same	-1.038739218833994	0.1812714158760977	1.002543933341941e-08	0.2148426978399728	0.164367190267174	0.191182173736184	-1.2535819166739668	0.24469552396815628	-5.123027574615967	3.006683586427154e-07	False	161316	187863
9:101904956:A:G	9	101904956	G	A	same	-2.2850718283284714	0.3753593235749469	1.1455020002119055e-09	-0.0367165460522014	0.2524054437200113	0.8843425335642552	-2.24835528227627	0.45233077478117434	-4.970599852207634	6.674607581311275e-07	True	161316	187863
rs6930274	6	138622483	G	A	same	0.0819083481284129	0.0261509690341902	0.0017354044909491	-0.0930097134184596	0.0237056874912147	8.72649082087922e-05	0.1749180615468725	0.0352963567646621	4.955697346135068	7.207132853698241e-07	False	161316	187863
rs11694824	2	106886684	C	A	same	0.1822495166336226	0.0734448446577264	0.0130850031868263	-0.2967099457513321	0.0631289341992408	2.600816888824533e-06	0.4789594623849547	0.09684734141900662	4.945509658471195	7.594490470186968e-07	False	161316	187863
rs1051791	6	31378965	A	G	same	-2.3490311505685635	0.2652744893026898	8.361158917186893e-19	-0.3872866528202573	0.2984935069564495	0.1944691956044275	-1.961744497748306	0.399335608692692	-4.912520834719658	8.991282528379947e-07	True	161316	187863
rs9508066	13	29152505	A	G	same	-0.0101073333907907	0.0037872892400524	0.0076133782402403	0.0144149714471267	0.0033329645893999	1.525527075052007e-05	-0.0245223048379174	0.005045018606706057	-4.8606966097848066	1.1697340510005893e-06	False	161316	187863
17:38854799:G:A	17	38854799	A	G	same	-1.1590740718318724	0.2027192402933789	1.0801858153100596e-08	0.1520750177286704	0.1784762603514422	0.3941729075333861	-1.3111490895605429	0.2700904772370927	-4.85448099826778	1.207024424057685e-06	False	161316	187863
rs17067385	6	138620040	A	G	same	0.0800582049970331	0.026159317806569	0.0022103510631082	-0.090729118294566	0.0236902966237847	0.0001282470025532	0.1707873232915991	0.03529220965351961	4.839235768128416	1.3033935220607906e-06	False	161316	187863
rs10191416	2	106691751	A	G	same	0.1215367834485444	0.0702560092215034	0.083645820863178	-0.3153502654068153	0.0598767263573266	1.3892935619912676e-07	0.4368870488553597	0.09230996257718957	4.732826627353845	2.2141460172739915e-06	False	161316	187863
rs12070318	1	79139044	C	T	same	-0.0338580306498042	0.0087769013073582	0.0001144921687066	0.0209063673968808	0.0076901023027945	0.0065557410975964	-0.054764398046685	0.011669261758421196	-4.693047356416007	2.6916515071068286e-06	False	161316	187863
rs10187689	2	106690368	A	G	same	0.1225697952320259	0.0697125811884347	0.0787107160570508	-0.3058140088550866	0.0595014621295749	2.753166952006248e-07	0.42838380408711246	0.09165297579190397	4.673975944433581	2.9542394959615364e-06	False	161316	187863
rs121912966	3	37038193	A	G	same	-5.407777103626183	0.9928720310748512	5.134165685703485e-08	-0.1173514697461168	0.5450876688442142	0.8295418756958435	-5.290425633880066	1.1326585702746967	-4.67080351724793	3.000238144247382e-06	True	161316	187863
rs11033888	11	36988487	G	A	same	0.0143849400882173	0.0048066474835939	0.0027650517858826	-0.0153794737458814	0.0042446687039581	0.000290930253798	0.0297644138340987	0.006412571437255175	4.641572281156372	3.45768024559658e-06	False	161316	187863
rs8088661	18	45163379	T	C	same	-0.0133025171563281	0.0035585902022559	0.0001853848918946	0.0086770592521647	0.0031365568703805	0.0056674070420179	-0.0219795764084928	0.004743580212110131	-4.633541634308196	3.5946242506481326e-06	False	161316	187863
rs8089400	18	45163120	C	T	same	-0.0129411025289219	0.0035585196292939	0.0002762031770897	0.0089124944822538	0.0031364593278365	0.0044890839610572	-0.0218535970111757	0.004743462771777869	-4.60709782338713	4.083279341370629e-06	False	161316	187863
rs984360	18	45155234	G	A	same	-0.0128883723739175	0.0035585521959577	0.0002925577194951	0.0088839497491563	0.003136521936899	0.0046197019250969	-0.021772322123073798	0.004743528601368819	-4.5899000412458895	4.434583246544701e-06	False	161316	187863
rs10502885	18	45155501	A	G	same	-0.0129059503823799	0.0035583975878438	0.0002868448892567	0.008828923266625	0.0031363883377102	0.0048777713184956	-0.0217348736490049	0.004743324277139096	-4.582202771536873	4.601034182717652e-06	False	161316	187863
rs11050033	12	29252673	T	G	same	0.012090193596204	0.0036101886952255	0.0008113042289272	-0.0097641958288127	0.0031831732616732	0.0021590015472355	0.0218543894250167	0.004813112758804347	4.540593690650554	5.609604406577634e-06	False	161316	187863
rs7971578	12	71281863	G	A	same	0.0321494254843616	0.0100327400260465	0.0013532024348936	-0.0282173032528643	0.0088295782490587	0.0013945812463094	0.0603667287372259	0.013364779253189558	4.516851913047433	6.276576702091058e-06	False	161316	187863
rs7973572	12	24289366	T	C	same	-0.0329561402921574	0.0085475924655314	0.0001154437633767	0.0182815227333191	0.0074839187335516	0.0145748577472111	-0.0512376630254765	0.011360914424781736	-4.50999462804781	6.482926739818114e-06	False	161316	187863
rs4427896	18	71084763	T	C	same	0.0163936500518418	0.0053907292174404	0.0023572955539478	-0.0159255077207784	0.0047519010212242	0.0008040488870587	0.032319157772620205	0.007186134204930853	4.497433091417083	6.877879520436293e-06	False	161316	187863
rs1995415	18	45175402	A	G	same	-0.0126034663686909	0.003563242599259	0.0004045804361812	0.0087428754232482	0.0031402949175809	0.00536775182707	-0.0213463417919391	0.004749542082196816	-4.494399970042108	6.9766388712060945e-06	False	161316	187863
rs140624556	6	31614286	A	G	same	-1.0993612112568425	0.1985578028500693	3.0816869545187415e-08	0.0580477909270679	0.1643435463645783	0.7239309799836212	-1.1574090021839103	0.25774794335616585	-4.490468428625088	7.106670875711862e-06	False	161316	187863
rs6761685	2	6066386	A	C	same	0.2043461040913859	0.2341119147393883	0.3827413046333169	-1.283763711270215	0.2361372412479599	5.4332693414231615e-08	1.4881098153616008	0.33251945105082176	4.475256441867999	7.63196546654001e-06	False	161316	187863
rs55794714	16	85385868	T	C	same	0.012505078746002	0.0039729528396701	0.0016464338046515	-0.011174751926027	0.0035030034042605	0.0014224875461583	0.023679830672029	0.0052967336271048555	4.470647825454679	7.798302044867047e-06	False	161316	187863
rs9661539	1	248040293	C	T	same	0.9827236249936838	0.2276843629076162	1.58762229768475e-05	-0.2699074433501537	0.1642862079172611	0.1004015689336594	1.2526310683438375	0.28076703372098477	4.461460634258981	8.140290128676695e-06	False	161316	187863
rs28361285	1	25586652	C	T	same	-0.9573686225082504	0.1480681245637058	1.008104559458397e-10	0.005138007308235	0.1574193282913793	0.9739624797651468	-0.9625066298164854	0.21611342954921184	-4.453710404874724	8.439892012855826e-06	False	161316	187863
rs115390164	11	105010448	G	A	same	-1.7590321698660356	0.2993364353680098	4.191868965559456e-09	-0.0852770295591975	0.2289991781876475	0.7096024150656468	-1.673755140306838	0.37688582508426166	-4.441013773687644	8.953606304398501e-06	True	161316	187863
rs72664695	14	32667056	C	T	same	0.0553076536328329	0.0169971635540219	0.001138185963914	-0.044482483607917	0.0148141874189199	0.0026760064468494	0.0997901372407499	0.02254692257859274	4.425887253256283	9.604668287900523e-06	False	161316	187863
rs34457757	12	96380932	A	G	same	-1.13881168510167	0.3308177128021796	0.0005765461272018	0.809247649441003	0.2984806302562285	0.0067035457835938	-1.948059334542673	0.44556822793127965	-4.372078645704343	1.2306917438095937e-05	False	161316	187863
rs312394	4	19275730	T	C	same	-1.1347116125077132	0.2027644655329881	2.1909401928185288e-08	-0.0133957279412776	0.1574406821305563	0.9321943833868856	-1.1213158845664357	0.2567118946847091	-4.367993489135453	1.2539323063251738e-05	True	161316	187863
rs10459149	12	92413014	T	G	same	-0.0182461299006895	0.0049806886287202	0.0002489137728751	0.0106188444447577	0.0043724803311925	0.0151587865014143	-0.0288649743454472	0.006627657464212222	-4.35523026066317	1.3292711332134042e-05	False	161316	187863
rs2666826	1	155658085	C	T	same	0.0155647772299381	0.0038825064281879	6.098912197247682e-05	-0.006913015719196	0.0034159818040461	0.0429982154351926	0.0224777929491341	0.005171342944583584	4.3466065178827735	1.3825992358107472e-05	False	161316	187863
rs17226647	12	71257065	C	A	same	0.0276741184009047	0.0103328444429685	0.0074004155121595	-0.0320654851194813	0.0091199715961794	0.0004381616028369	0.059739603520386	0.013781928609512677	4.334633070088031	1.4600344854332755e-05	False	161316	187863
rs77978513	13	34829647	C	T	same	-0.0357155546703614	0.0159185496942264	0.0248553313970913	0.0559927459176955	0.0140417566288134	6.674833503258707e-05	-0.0917083005880569	0.021226661385869903	-4.320429808575785	1.5572558569181772e-05	False	161316	187863
rs7796950	7	67934228	G	A	same	0.0219773794228705	0.0061252253251968	0.000333209488795	-0.0131696343459569	0.0054100084957979	0.0149202368666386	0.0351470137688274	0.008172305501450474	4.300746437169937	1.702237496577939e-05	False	161316	187863
rs16970908	16	72452979	C	T	same	-0.0118215037175502	0.0045343212864448	0.0091308295579613	0.0141519372628073	0.0039961964747335	0.0003980825375705	-0.0259734409803575	0.006043976819394568	-4.297409099421279	1.7280608900364226e-05	False	161316	187863
rs12215384	6	140006094	T	G	same	0.0250637064659689	0.0099509215179481	0.0117778196561822	-0.0316499000430815	0.0086728642898476	0.0002629539391901	0.0567136065090504	0.013199977804772106	4.296492565960761	1.735217846323011e-05	False	161316	187863
rs17828145	9	115865501	G	A	same	0.0155911804429371	0.00511369928223	0.002296775273702	-0.0135246942875493	0.0044814269390588	0.0025449616353228	0.0291158747304864	0.006799493198702499	4.2820654245293435	1.85166517960442e-05	False	161316	187863
rs2401098	21	44203738	T	C	same	0.0148646672288916	0.003694562224984	5.736621770389614e-05	-0.0062001717163475	0.0032605647220169	0.0572282093485262	0.0210648389452391	0.004927582809120499	4.274882789640803	1.9123787513769826e-05	False	161316	187863
rs2575414	15	96256620	T	C	same	-0.0088955968302556	0.0036294335248808	0.0142475737340831	0.0116953081574054	0.0031993702734147	0.0002566780424584	-0.020590904987661002	0.004838259796449372	-4.255849386750985	2.082568702024834e-05	False	161316	187863
rs6512208	19	17776230	G	A	same	-0.0091946283414694	0.0042716899271223	0.0313613885189778	0.0149904560297161	0.0037675552333198	6.925568159516913e-05	-0.0241850843711855	0.005695770998696624	-4.246147602619527	2.174773923395655e-05	False	161316	187863
6:26205139:C:A	6	26205139	A	C	same	0.4799135990384893	0.331004899411103	0.1470951743857085	-1.368708407520813	0.2847341859854998	1.5323573447638236e-06	1.8486220065593022	0.43662088830354834	4.2339293791965815	2.2964308581940873e-05	False	161316	187863
11:19186693:G:T	11	19186693	T	G	same	-0.069677158275377	0.7022357170451526	0.920962091288092	-3.82878856539637	0.5452677899560747	2.1894971947410105e-12	3.7591114071209932	0.8890736555862522	4.228121464967093	2.3565057100633164e-05	True	161316	187863
rs207605	2	41121631	G	A	same	0.208107767791901	0.0787825473068657	0.0082528459904673	-0.2339120920096166	0.0698497132230716	0.0008116499238798	0.4420198598015176	0.1052885188304208	4.198177205944374	2.690720470265222e-05	False	161316	187863
rs79315256	4	187023281	A	C	same	-0.0355469523833348	0.010218599730372	0.0005039425512588	0.0214482903555792	0.0089734798363521	0.0168398191095764	-0.056995242738914	0.013599379427862745	-4.1910179094011255	2.777057358173862e-05	False	161316	187863
rs28399977	6	31726056	T	C	same	-1.0857145461325437	0.2027317695573177	8.535610797319409e-08	0.0637027193105435	0.1852289069168421	0.7309113485528448	-1.1494172654430872	0.27460866400288525	-4.185655502227747	2.843443260874989e-05	False	161316	187863
rs17749864	7	67942201	G	A	same	0.0286038788079394	0.0085215706348969	0.0007889462968839	-0.0189553474357124	0.0075376133211698	0.0119110795790868	0.0475592262436518	0.011376852845361655	4.180349951791959	2.9106081803211054e-05	False	161316	187863
rs77528134	7	67849450	T	C	same	0.0289086289496799	0.0086904536847916	0.0008795001971985	-0.019605483638864	0.0077003080789421	0.0108944950803468	0.0485141125885439	0.011611146789104375	4.178236092413231	2.9377861705234088e-05	False	161316	187863
rs7982211	13	88771495	T	G	same	0.5221850544177065	0.1514277924567868	0.0005638981777762	-0.2953101013328487	0.1240093645367882	0.0172491627247902	0.8174951557505552	0.19572608109588696	4.176730822858816	2.9572863493119727e-05	False	161316	187863
rs116389205	1	181744982	G	A	same	0.040886722436827	0.01043325855697	8.8960181527502e-05	-0.016989702816252	0.0091380034793785	0.0629937285414233	0.057876425253079	0.01386924625586125	4.173004371352912	3.00609171862497e-05	False	161316	187863
rs11966271	6	42330896	T	C	same	-0.025022944921321	0.0082546256322704	0.0024343496385518	0.0208183187098688	0.007267347823059	0.0041748656755136	-0.0458412636311898	0.010997872008268504	-4.168193955769359	3.070226364008472e-05	False	161316	187863
rs4245575	7	56136260	A	C	same	0.137088367671917	0.0410642457528637	0.0008426612322154	-0.0916642121044011	0.0364879483556123	0.0119988634101535	0.2287525797763181	0.05493307432188203	4.164204945747899	3.124393756383707e-05	False	161316	187863
rs11970679	6	42330813	G	A	same	-0.0249524104460155	0.0082539427364833	0.0025020794894433	0.0208104659452464	0.0072673844134028	0.0041893227903802	-0.0457628763912619	0.010997383639271451	-4.161251247782566	3.165086320543018e-05	False	161316	187863
rs10266576	7	67862566	C	T	same	-0.0280501399903697	0.0086494600722412	0.0011828104411658	0.0199597739653693	0.0076624460668264	0.0091905691615549	-0.048009913955739	0.01155535543669333	-4.154776044645622	3.2560630549377814e-05	False	161316	187863
rs1512060	20	53462975	T	C	same	-0.0458217122832428	0.0103246575384821	9.076259333056276e-06	0.0113864196352443	0.009112571055008	0.2114717401662976	-0.0572081319184871	0.013770893381313534	-4.154278908013033	3.263149576639174e-05	False	161316	187863
rs1995871	6	42316792	T	C	same	-0.0254622479434479	0.0082405216906138	0.0020023535111619	0.0200416997218013	0.0072542282667265	0.0057314698575215	-0.0455039476652492	0.010978616737970693	-4.144779688671437	3.401405711107853e-05	False	161316	187863
rs11965435	6	42305106	A	G	same	-0.0253194620504966	0.0082406625119292	0.0021227154763897	0.0200176530630071	0.0072552470751558	0.0057968109160353	-0.045337115113503704	0.010979395646258135	-4.129290588863601	3.638842601958462e-05	False	161316	187863
rs117447883	18	40678448	C	A	same	0.0539249477499922	0.0188242650174867	0.0041746919365201	-0.0502189294317403	0.0168928881647897	0.0029511081185225	0.1041438771817325	0.0252927385626125	4.117540570939877	3.829371315479082e-05	False	161316	187863
rs75808937	3	1253635	G	A	same	-0.0154505011346668	0.0057245100103472	0.0069546401532081	0.0159228748117436	0.0050314766328439	0.0015526830162339	-0.0313733759464104	0.007621402230916532	-4.116483423370966	3.8469698436323046e-05	False	161316	187863
rs17387575	3	154983935	G	A	same	-0.0119005817523987	0.0044369398821096	0.0073148510705066	0.0124194375979609	0.0039099076308302	0.0014911426893101	-0.0243200193503596	0.005913866180349279	-4.112372280450085	3.9161412882976066e-05	False	161316	187863
rs2868558	7	67870212	G	T	same	-0.0278669577595994	0.0086812849238177	0.0013273320875198	0.0198183256990436	0.0076879015550293	0.0099414573651138	-0.047685283458642994	0.011596057012981888	-4.1121980864063445	3.9190980776762955e-05	False	161316	187863
rs117848945	14	28965561	A	G	same	-0.0350224334520387	0.0093422807997271	0.0001776757924236	0.0160668746375788	0.0081928045594016	0.0498678482232637	-0.051089308089617494	0.012425789998607785	-4.111554122139652	3.930047205451117e-05	False	161316	187863
rs7816645	8	95738717	G	A	same	0.0110610613211499	0.0036606403010883	0.0025142655666394	-0.0089895695489504	0.0032251579588532	0.005314483761419	0.0200506308701003	0.00487872229928144	4.109811881084817	3.959815711783422e-05	False	161316	187863
rs4952434	2	41227539	C	T	same	0.0168237240525701	0.0078336791970942	0.0317443822087781	-0.0259310279518045	0.0068487152393686	0.0001529306377072	0.0427547520043746	0.010405355841726228	4.108917816431126	3.975174959112353e-05	False	161316	187863
rs16913337	11	89204459	C	T	same	0.021003904796952	0.0116989123760979	0.0725943812829406	-0.0431835004603184	0.0103616309570749	3.0777563544528385e-05	0.0641874052572704	0.01562779405016042	4.107259479568808	4.003813545176538e-05	False	161316	187863
4:57356812:G:A	4	57356812	A	G	same	-0.9905198649562548	0.2071090850637485	1.7304244092076666e-06	0.0772036882675274	0.1574264726470717	0.6238430296876858	-1.067723553223782	0.26014854872945614	-4.104284103980034	4.0556881436317695e-05	False	161316	187863
rs11962510	6	42313709	G	A	same	-0.0248703750252766	0.0082297099114491	0.0025109122820179	0.0200818992929215	0.0072444566016528	0.0055706762143201	-0.0449522743181981	0.010964044722630165	-4.099971812903596	4.1320046169746016e-05	False	161316	187863
rs7939722	11	128266238	C	A	same	0.0089375435498159	0.0035189675438389	0.0110909587019808	-0.0102761666099074	0.0031008482658416	0.0009197623232005	0.0192137101597233	0.0046902444011335314	4.096526431560743	4.1939562262033955e-05	False	161316	187863
rs649654	11	131881770	A	G	same	-0.0149362404552716	0.0039274870029717	0.0001429532704869	0.0065038372798439	0.0034619900769106	0.0602934981079951	-0.021440077735115498	0.005235506608833484	-4.095129533203385	4.219324169047923e-05	False	161316	187863
rs965540	7	67855610	A	G	same	-0.0279491232485551	0.0086580849525979	0.0012461745521911	0.0194226756745586	0.0076727875309798	0.0113617440163463	-0.0473717989231137	0.011568669047991703	-4.094835691694141	4.2246788875205904e-05	False	161316	187863
rs1156454	7	67855824	C	T	same	-0.0279868494157078	0.0086576967275698	0.0012267023619468	0.0193286963304112	0.0076715685747468	0.01175138382281	-0.047315545746119	0.01156757005700054	-4.0903617192691435	4.307009406516007e-05	False	161316	187863
rs116364703	1	98015146	C	T	same	0.2493238899077453	0.2562733183471061	0.330611580767254	-1.279685780983448	0.2725034691428686	2.6526033629781066e-06	1.5290096708911933	0.37407773843351805	4.087411555935003	4.362128896920667e-05	False	161316	187863
rs11049052	12	27725244	A	G	same	0.0141865286463001	0.0036230981066524	9.018732222173586e-05	-0.005534324368176	0.0031896934423168	0.0827293529892226	0.0197208530144761	0.004827109295052993	4.0854374345090525	4.399385438255485e-05	False	161316	187863
17:39383099:A:G	17	39383099	G	A	same	-2.119312808372568	0.992752043334534	0.0327785236138386	3.4641961370518684	0.9440443888043528	0.0002429999111623	-5.583508945424436	1.3699548998335225	-4.0756881457214	4.5878470038917724e-05	False	161316	187863
rs924004	7	67867319	A	G	same	-0.0278197576021265	0.0086736597073235	0.0013394805561605	0.0193695014492735	0.0076804637255199	0.0116716837722916	-0.0471892590514	0.011585417375195172	-4.073160035859738	4.6379531844244817e-05	False	161316	187863
rs12630551	3	29998336	T	C	same	0.0172250173414612	0.0045150972777618	0.000136192555339	-0.0072732830730407	0.003978005247096	0.0674933763458368	0.0244983004145019	0.006017526831978011	4.07115765306012	4.678007473449998e-05	False	161316	187863
rs10506025	12	27726370	A	G	same	0.0141343535429345	0.0036231792537159	9.575997188103092e-05	-0.0055160368392376	0.0031897814234095	0.0837583427136321	0.0196503903821721	0.004827228338672788	4.070739771049412	4.686407764551631e-05	False	161316	187863
rs17172514	7	56272915	T	C	same	-0.9660562676831363	0.1755397875614646	3.726490872467966e-08	-0.0726657223154445	0.1322351725314767	0.582649419776488	-0.8933905453676918	0.21977342394282695	-4.065052677161289	4.8021614575255426e-05	True	161316	187863
rs426224	18	45154351	T	C	same	-0.0103639160094553	0.0039840804865394	0.0092862539586834	0.0111970878227727	0.0035064852688151	0.0014068057404739	-0.021561003832228	0.005307385068340277	-4.062453271168159	4.855967044955679e-05	False	161316	187863
rs806739	16	72437741	T	C	same	0.0123504887530177	0.004344307594536	0.0044703264226275	-0.0111652445713262	0.0038319331658131	0.0035713089948269	0.0235157333243439	0.005792816263545873	4.059464732608238	4.918533568145675e-05	False	161316	187863
rs112294219	7	101180254	C	T	same	0.0349266869245195	0.0100277613387823	0.000495829439286	-0.0193786577453715	0.0088710041261825	0.0289259473575438	0.054305344669891	0.013388454416934164	4.056132468972953	4.989197011276947e-05	False	161316	187863
rs41441349	1	22446902	T	C	same	-3.7520135751763	0.9931409615678656	0.0001581395208034	0.8309043759157592	0.5452575510170599	0.1275399280242669	-4.5829179510920595	1.1329760661572097	-4.04502627018084	5.231725718379444e-05	False	161316	187863
rs11049050	12	27724333	T	C	same	0.0142382178994438	0.0036233152430144	8.508354372090288e-05	-0.0052570203915658	0.0031897955042304	0.0993373996967202	0.0194952382910096	0.004827339713451807	4.0385055637755105	5.3792817726507766e-05	False	161316	187863
rs1973401	7	67866884	C	A	same	-0.0278101230945396	0.0086880481854986	0.0013696899262073	0.0190556145519096	0.0076940441188078	0.013261414898397	-0.046865737646449204	0.011605192638457424	-4.038342068630983	5.3830316708156186e-05	False	161316	187863
rs73065895	7	18861547	A	G	same	0.0332062206718871	0.0111398095965015	0.0028743950657042	-0.0269608002459155	0.0098941301020917	0.0064315351348755	0.0601670209178026	0.01489930093405137	4.038244558192313	5.385269333401004e-05	False	161316	187863
rs4593321	5	133186929	C	A	same	-0.0899801036843661	0.091429289803352	0.3250419371610138	0.3943093330539589	0.0776534568133725	3.8181453081713154e-07	-0.484289436738325	0.11995571845065009	-4.03723509802963	5.4084861994147454e-05	False	161316	187863
rs13234466	7	67732583	G	T	same	-0.0109801320942843	0.0035718445477632	0.0021115355387662	0.0082345071619832	0.0031502612823527	0.0089511972573377	-0.0192146392562675	0.004762585392460295	-4.034497583326573	5.471925324895832e-05	False	161316	187863
rs17730033	3	148835022	G	T	same	0.0236341926754784	0.0097643135022879	0.0155006120442165	-0.028848755340348	0.0086000574506947	0.0007951314388072	0.0524829480158264	0.013011641184962458	4.033537911918513	5.494331145375894e-05	False	161316	187863
rs73083503	12	43785260	G	T	same	0.0143006061148432	0.0080877884071112	0.0770320479987114	-0.0292174595443684	0.0071688375297392	4.589185554255478e-05	0.0435180656592116	0.010807615502320555	4.02661120298623	5.6586483791179e-05	False	161316	187863
rs117223342	6	140705319	T	G	same	0.0356082079655521	0.0128331891031125	0.0055253203263927	-0.0333758259814983	0.0113667498292009	0.0033218698882663	0.0689840339470504	0.017143329438469183	4.023957784551	5.722817988762967e-05	False	161316	187863
rs6696888	1	155508882	A	G	same	-0.013471346632021	0.0037520579819496	0.0003301851830039	0.0066357357571766	0.003301097892506	0.044414231224412	-0.0201070823891976	0.004997518023561221	-4.023413681431675	5.7360613232497306e-05	False	161316	187863
rs34511083	21	30435561	A	G	same	-0.0400680509365649	0.0114525044736495	0.0004676588460482	0.0210491367967236	0.0099897189454155	0.0351106473681525	-0.0611171877332885	0.015197182085089168	-4.021613177435974	5.780092398538063e-05	False	161316	187863
rs17251425	12	92414035	C	T	same	-0.0170397916117915	0.0049756080881552	0.0006155575940942	0.0095734716019526	0.0043663555086323	0.0283395058751223	-0.026613263213744104	0.006619798809229709	-4.020252575748729	5.8135778715139705e-05	False	161316	187863
rs11918767	3	148862430	T	G	same	0.0248368762690003	0.0097855583632188	0.011145123099598	-0.0275828282587192	0.0086181700364901	0.0013716865323706	0.0524197045277195	0.013039555485438037	4.02005302912813	5.818504291116528e-05	False	161316	187863
rs201155413	19	17581408	G	T	same	-1.9624592979008109	0.5734039994189529	0.0006205442297698	0.6645612775545223	0.314808290871814	0.0347720455122519	-2.627020575455333	0.6541379109570727	-4.016004165867294	5.919320960927373e-05	False	161316	187863
rs11582072	1	155477570	C	T	same	-0.0132366002898051	0.0037525897065715	0.0004197825037747	0.0068145875264401	0.0032979797368412	0.0388009627043387	-0.0200511878162452	0.004995858269655128	-4.01356218170484	5.980923728197292e-05	False	161316	187863
rs524662	21	31584389	A	G	same	-0.0075474657921799	0.0044646158449198	0.090930937945169	0.016341563934444	0.0039380187644379	3.329233160858445e-05	-0.023889029726623903	0.0059532164778188556	-4.012793725145434	6.000434458711512e-05	False	161316	187863
rs905313	18	45207893	G	A	same	0.0104341375369915	0.0039827798704462	0.00879780564545	-0.0108562723936785	0.0035059315214462	0.001957905809282	0.02129040993067	0.005306042906865861	4.012483559663803	6.0083264653030726e-05	False	161316	187863
rs7845915	8	54622041	G	A	same	0.0782991673562012	0.0232653288490219	0.0007640860139691	-0.0455492813839249	0.0203341727101958	0.0250885779006303	0.1238484487401261	0.0308990955573331	4.008157731035395	6.119424582035529e-05	False	161316	187863
rs12621655	2	41266013	T	C	same	0.0390881341555962	0.018108828789824	0.0308880039580718	-0.0573057769096977	0.0158434005799279	0.0002980229916582	0.09639391106529391	0.024061234841030465	4.00619135726642	6.170566462735122e-05	False	161316	187863
rs9466004	6	21224124	T	C	same	0.0408835665655104	0.0103418173875321	7.710376240713585e-05	-0.0141488942171022	0.0090479151161179	0.1178706573310348	0.0550324607826126	0.013741104570795467	4.004951748899091	6.203014139266025e-05	False	161316	187863
rs10253920	7	51416721	G	A	same	-0.051493294237034	0.0143421966052161	0.0003302529012053	0.0246292665797069	0.0124872400588215	0.048569129669964	-0.0761225608167409	0.019016565613940616	-4.002960490454552	6.255475195832475e-05	False	161316	187863
rs17058292	13	61174990	T	C	same	0.0130126010570911	0.005208519337744	0.0124779911764337	-0.0147501490998005	0.0045915693637925	0.0013161183671567	0.0277627501568916	0.0069434273175551465	3.9984216565065385	6.3766280007421e-05	False	161316	187863
rs4939575	18	45206467	T	C	same	0.0104161945431654	0.0039838577559013	0.0089332002256024	-0.0108028608021819	0.0035065198966143	0.0020645034758656	0.0212190553453473	0.005307240752463271	3.9981331797504787	6.384402758053435e-05	False	161316	187863
rs77509028	1	159740174	T	G	same	-0.074822133626358	0.0141868998621889	1.3346017125507806e-07	0.0008578874689587	0.0125463813854342	0.9454853051435632	-0.07568002109531671	0.01893884403992348	-3.9960211370758234	6.441598506182783e-05	False	161316	187863
rs7934171	11	128269844	A	C	same	0.0089824138167068	0.0035240833218274	0.0108074023367937	-0.0097787955944988	0.0031053980986877	0.0016384879403304	0.018761209411205598	0.004697090653853215	3.9942191441025336	6.490780959866501e-05	False	161316	187863
rs7433039	3	76405365	C	T	same	-0.2046644714068292	0.0921877754422527	0.026413164637399	0.2905446909157896	0.0832244178172287	0.0004810377737996	-0.4952091623226188	0.12419697927891751	-3.987288299584922	6.683279394641295e-05	False	161316	187863
rs114049032	4	27621215	C	T	same	0.0231323465214807	0.0081982390479618	0.0047781189447854	-0.0204261899008371	0.007241387223814	0.0047910558017856	0.0435585364223178	0.010938409958158556	3.9821634578460006	6.829078527760509e-05	False	161316	187863
rs16970850	16	72380983	G	A	same	-0.0118799029546766	0.0043784795109642	0.006662712246234	0.0113412979658351	0.0038611944932855	0.0033113581176456	-0.0232212009205117	0.005837799734738386	-3.9777316755714867	6.957582107564169e-05	False	161316	187863
rs6451640	5	20088128	G	A	same	-0.0457426762608743	0.0126801947257237	0.0003092673507579	0.021432414754978	0.0111865207099268	0.0553760077253354	-0.0671750910158523	0.01690933422331856	-3.9726632715802324	7.107348763002974e-05	False	161316	187863
rs12724079	1	155433942	C	T	same	-0.0135126375435715	0.0037785435928669	0.000348692022146	0.0064598471715202	0.0033234375758175	0.0519286777652491	-0.0199724847150917	0.005032159477158012	-3.9689689497621923	7.2184286021942e-05	False	161316	187863
rs1017607	7	127814357	G	A	same	-0.0092696372864398	0.0035069609990854	0.0082123881647287	0.0092393227730502	0.0030908102208828	0.0027962816465465	-0.01850896005949	0.004674599797909939	-3.959474791353378	7.511477230980792e-05	False	161316	187863
rs13062838	3	148862481	G	T	same	0.0243565504335944	0.0097766149654857	0.0127274052051556	-0.0272208796225804	0.0086109055855883	0.0015711525758972	0.0515774300561748	0.013028042646049127	3.9589546532391897	7.527852672934016e-05	False	161316	187863
rs1601183	14	42759935	A	G	same	-0.010317029573103	0.0037070070597497	0.0053839601586867	0.0092315533409412	0.0032643660369692	0.0046843115000819	-0.0195485829140442	0.004939431846311083	-3.957658192742081	7.5688160377879e-05	False	161316	187863
rs1474285	7	67946161	T	C	same	0.0112934442996924	0.0042669262506387	0.0081271817080189	-0.0111894269298269	0.0037595623582693	0.0029178942702624	0.0224828712295193	0.005686912057883879	3.9534409888316895	7.703526939191924e-05	False	161316	187863
rs7607545	2	155090588	G	A	same	0.0115246189502588	0.005863364153163	0.0493529110653391	-0.0193071958288552	0.0051443367761502	0.0001746631064015	0.030831814779114	0.007800207693327678	3.9526915168537924	7.727703454135979e-05	False	161316	187863
rs9930344	16	72381557	C	T	same	-0.0118410395431971	0.0043791814684978	0.0068522867897913	0.0112338885013989	0.0038618883057603	0.0036269035652195	-0.023074928044596002	0.005838785115090528	-3.952008438357854	7.749800716501616e-05	False	161316	187863
rs6572146	14	42769076	C	T	same	-0.0111783308015746	0.0037461396937621	0.0028454401674909	0.0085408317128168	0.0032996310402576	0.0096417277812071	-0.019719162514391403	0.004992106530014304	-3.9500684522321086	7.812884568578673e-05	False	161316	187863
rs35700000	19	48525466	T	C	same	-0.0303763840641588	0.0111555292499284	0.0064694200886208	0.0280862139063931	0.0097295357628309	0.0038930993582877	-0.0584625979705519	0.014802354508868295	-3.9495472112579217	7.829916680554914e-05	False	161316	187863
rs28406053	12	27763905	A	G	same	0.0108712490677614	0.0038545926885481	0.0047973289759939	-0.0094032874344314	0.0033982528127773	0.0056558318681345	0.0202745365021928	0.0051386775510978795	3.9454774697550623	7.964112063755465e-05	False	161316	187863
rs1483906	14	42772429	C	T	same	-0.0111415826291999	0.0037461335376227	0.0029379641292797	0.0085280950640766	0.0032998066165465	0.0097542172158238	-0.0196696776932765	0.004992217962820296	-3.940067889616811	8.145855341104536e-05	False	161316	187863
rs75676070	7	79753171	T	C	same	-0.0186258851758269	0.0055716037575379	0.0008287715935939	0.010689240242364	0.0049375514398072	0.0303963505773207	-0.0293151254181909	0.007444607622417222	-3.937766354524464	8.224361697950892e-05	False	161316	187863
rs115542833	1	242529588	T	C	same	-0.0262659687298467	0.0107136033742371	0.0142204267723418	0.029763250327892	0.009365456365277	0.0014830403530446	-0.0560292190577387	0.014230005979983707	-3.9373995440726337	8.236939636970888e-05	False	161316	187863
21:35821910:G:A	21	35821910	A	G	same	-0.7710644315743317	0.2408436166919055	0.0013670699659783	0.452848834295948	0.1969051157061487	0.0214576971011378	-1.2239132658702796	0.31109045676858893	-3.934268117972879	8.345058865267078e-05	False	161316	187863
rs3935555	3	76409278	T	C	same	0.200043712359161	0.0914377813083138	0.0286872548218683	-0.2862036165128555	0.0831667500976607	0.0005788779228199	0.4862473288720165	0.12360249258163755	3.9339605433187974	8.355750578127846e-05	False	161316	187863
rs41282774	20	44515133	G	A	same	-0.0557194600642439	0.0162978341695391	0.0006289191761259	0.029835926155157	0.0144381220571088	0.0387842524900708	-0.0855553862194009	0.021773349929530086	-3.929362569209733	8.517133727432228e-05	False	161316	187863
rs41360051	8	54662790	A	C	same	0.0810018702262169	0.0227232199789979	0.0003642476649341	-0.0375525535465339	0.019854056230778	0.0585669941155975	0.1185544237727508	0.03017496106093302	3.928900638292491	8.53350874299686e-05	False	161316	187863
rs11121617	1	10842021	G	A	same	-0.0107231445563451	0.0039787911089141	0.007037257089938	0.0101204775092826	0.0035093972940407	0.003928806191467	-0.0208436220656277	0.005305341464580209	-3.928799343979073	8.537103505718673e-05	False	161316	187863
rs7329622	13	26008305	T	C	same	0.0071646572917712	0.0034979088163878	0.0405336740007107	-0.0111345880045737	0.003082347500545	0.0003034080485486	0.0182992452963449	0.0046622132299884685	3.9250125195132184	8.672522742799639e-05	False	161316	187863
rs116912992	8	102256898	T	C	same	-0.049253429339367	0.0137367492432475	0.0003364034472786	0.0223344786396369	0.0120128443235868	0.0629964538756459	-0.0715879079790039	0.018248471402136462	-3.9229536765815167	8.746997416680718e-05	False	161316	187863
rs1325908	1	155413304	A	C	same	-0.0145943486804213	0.0038781634079323	0.0001677452976475	0.0056617891627801	0.0034104321732023	0.0968866280826914	-0.020256137843201398	0.005164416620165189	-3.922250920676784	8.772556284790175e-05	False	161316	187863
rs7812489	8	95704415	A	G	same	-0.0100071613397019	0.0036372169464625	0.005935495182407	0.0090047275717688	0.0032044424825624	0.0049529770924396	-0.019011888911470702	0.004847452809433494	-3.922036925139775	8.780353195126464e-05	False	161316	187863
rs12770820	10	95998141	A	G	same	-0.0242156762932281	0.0083978645065275	0.0039321812159208	0.0195392043287669	0.0073796982521456	0.0081042145301839	-0.043754880621995	0.011179627657606278	-3.9138048208810883	9.085308221556172e-05	False	161316	187863
rs1358101	7	90660684	A	C	same	0.0114366278368809	0.0037354840882912	0.0022014370715888	-0.0080343210186845	0.003286875368301	0.0145107632301427	0.019470948855565398	0.004975679959625676	3.913223722900018	9.107208545778073e-05	False	161316	187863
rs17429734	8	101579985	G	A	same	-0.018630462470846	0.0058884984549514	0.0015568460581208	0.012076777723986	0.0051878244403912	0.0199169923698936	-0.030707240194832	0.007847798193014732	-3.912847838284666	9.121401371835596e-05	False	161316	187863
rs915143	10	129293987	T	C	same	0.0329249328862936	0.0113852389768849	0.0038292405654325	-0.0265677880018882	0.0100820662429983	0.008409934346368	0.0594927208881818	0.015207620664949037	3.9120334599943263	9.152222742446574e-05	False	161316	187863
rs16919566	8	54713629	C	T	same	0.0815733560901262	0.022752388450478	0.0003367353037909	-0.0366411166529916	0.0198881798907525	0.0654230264829397	0.1182144727431178	0.03021937920554254	3.911876281079794	9.158182728452248e-05	False	161316	187863
rs16919526	8	54654239	T	C	same	0.0807341108705296	0.0227115350124647	0.0003783207891679	-0.0372658915090466	0.0198537306992332	0.0605150634456757	0.1180000023795762	0.030165948440254366	3.911695420857823	9.165045209598922e-05	False	161316	187863
rs79708100	6	42290566	T	C	same	-0.0279226810636749	0.0085492232120147	0.0010903689247516	0.0166142812795837	0.0075270394271019	0.027294525082118	-0.0445369623432586	0.011390589978837684	-3.9099785371963	9.230432228599062e-05	False	161316	187863
rs6688636	1	155478897	C	T	same	-0.0134823327495113	0.0037691010164809	0.0003474690606347	0.00614151392038	0.0033161228900068	0.0640234703897965	-0.0196238466698913	0.005020238390162802	-3.9089471743701227	9.269922955996445e-05	False	161316	187863
rs7842716	8	95703810	T	G	same	-0.009979614475829	0.0036372903378615	0.0060751996717105	0.0089403905466329	0.0032045050459637	0.0052717112076902	-0.0189200050224619	0.004847549235593945	-3.9030041992226883	9.500605370188994e-05	False	161316	187863
rs11646282	16	72644044	C	T	same	0.0096746663515021	0.0046117688500362	0.0359209451742849	-0.0143086683775676	0.0040680024581852	0.0004358463605293	0.023983334729069702	0.006149557376426782	3.9000099130720343	9.618874953934304e-05	False	161316	187863
rs9647055	21	31587382	A	G	same	-0.0094088276750802	0.0046111106189069	0.0413036485032073	0.014566581139361	0.0040663943108745	0.0003407309286352	-0.0239754088144412	0.0061479999862807805	-3.8997086642716585	9.63085046899847e-05	False	161316	187863
rs1360554	1	155473356	T	C	same	-0.0133265772328221	0.0037639537842214	0.0003992494833228	0.0062115108265614	0.0033111778033896	0.0606660103409138	-0.0195380880593835	0.005013107472956726	-3.897400597290597	9.723071068620569e-05	False	161316	187863
rs79025950	9	23448619	T	C	same	0.0205678819797594	0.0069976622086985	0.0032900706924254	-0.0158107213948586	0.0061801287537221	0.0105180508745294	0.036378603374618	0.009336019912126894	3.8965858810310072	9.755822313650725e-05	False	161316	187863
rs12455444	18	45220530	A	C	same	0.0088655286723817	0.00388916805574	0.0226347633073206	-0.0113024325750172	0.0034262582458243	0.0009710998047998	0.020167961247398898	0.0051831335823869585	3.8910749504763995	9.980109625785935e-05	False	161316	187863
rs12499699	4	56317043	C	T	same	0.0317833731066724	0.0101067638563617	0.0016622164913272	-0.0207256043120498	0.0089764245107637	0.020949515854812	0.052508977418722194	0.013517502455916128	3.884517690303129	0.00010253322744387442	False	161316	187863
rs73178238	3	171572656	T	G	same	0.0109080997279667	0.0080717285522571	0.1765686918293717	-0.0308520550863472	0.0071030775949413	1.4024508356060812e-05	0.0417601548143139	0.010752046927961187	3.8839260183765307	0.00010278319389870507	False	161316	187863
rs1365205	8	95685587	T	C	same	-0.0096221623600223	0.0036383809138014	0.0081780880860347	0.0092078838985255	0.0032054267032886	0.0040711920123483	-0.0188300462585478	0.004848976801766527	-3.883303020069686	0.00010304701654634598	False	161316	187863
rs79785827	6	109202532	T	C	same	0.0277725825377495	0.0125162791288601	0.0264923826017352	-0.0365332621074088	0.0108510200255298	0.0007604460120181	0.0643058446451583	0.016565080103216754	3.8820122960148455	0.00010359563777911149	False	161316	187863
rs115533118	1	97530186	A	C	same	0.0423701980201435	0.0112495253771969	0.0001656192218507	-0.0157033475749648	0.0098674245142092	0.1115121038405984	0.0580735455951083	0.014963886118111622	3.880913362794085	0.00010406490997494487	False	161316	187863
rs7144180	14	42773858	T	C	same	-0.0097046287154997	0.0035431370371598	0.006162762353233	0.0086198168683275	0.0031222381194505	0.0057663261416298	-0.0183244455838272	0.004722519554077391	-3.8802265134097746	0.00010435923000467605	False	161316	187863
rs2212546	21	23836014	C	T	same	0.0103739258156347	0.0037472216323224	0.0056326852118775	-0.0089535121443303	0.0032936867153168	0.0065601240077132	0.019327437959965	0.0049889920966463075	3.874016551951898	0.00010705613676799863	False	161316	187863
rs12675372	8	95696697	T	C	same	-0.0099179084913048	0.0036370767023559	0.0063934327287207	0.008849091149537	0.0032042908915351	0.0057512224585043	-0.018766999640841803	0.004847247369012115	-3.8716818458280127	0.00010808697539639277	False	161316	187863
rs4008177	8	95701146	A	G	same	-0.0099179084913048	0.0036370767023559	0.0063934327287207	0.008849091149537	0.0032042908915351	0.0057512224585043	-0.018766999640841803	0.004847247369012115	-3.8716818458280127	0.00010808697539639277	False	161316	187863
rs11799399	1	97604531	T	C	same	-0.0164758755522707	0.0045512603708029	0.0002945247218697	0.0070025984785743	0.0040076000905784	0.0805801721278553	-0.023478474030845	0.006064225379126748	-3.8716361221762368	0.00010810725687309379	False	161316	187863
rs10765113	10	129273073	G	A	same	0.0351292349060738	0.011144920059653	0.0016213400721972	-0.0223263618721832	0.0098422377196924	0.0233034158502734	0.057455596778257	0.014868721749598777	3.8641920768883447	0.00011145749304373034	False	161316	187863
rs1549466	8	95680229	T	C	same	-0.0098751844966194	0.0036385110761117	0.0066461528571766	0.0088629766265742	0.0032056725283892	0.0056961343173535	-0.0187381611231936	0.004849236971963397	-3.8641463041569506	0.00011147839307573845	False	161316	187863
rs13128411	4	68172826	A	G	same	-0.0171336139263113	0.0039378328000574	1.3550182014032615e-05	0.0031379240672101	0.0034683713685351	0.3656108212286506	-0.0202715379935214	0.005247487695200623	-3.8630939548580256	0.00011195992122340456	False	161316	187863
rs117379242	9	14561674	T	C	same	0.051765874761796	0.0119353740978917	1.4432193899338832e-05	-0.0099627847764048	0.0106251131769017	0.348417175100274	0.061728659538200795	0.01597955521529289	3.8629773298774115	0.00011201340643730829	False	161316	187863
rs116398193	5	20228192	T	C	same	-0.048080999608256	0.0129966798940779	0.0002160388950412	0.0188416728114772	0.0114615826050644	0.100197271742818	-0.06692267241973321	0.017328634224365275	-3.86197039843078	0.000112476197254043	False	161316	187863
rs806735	16	72414705	T	C	same	-0.0114411325254614	0.0043879888501846	0.0091239370764213	0.0111385384282863	0.0038705558465337	0.0040050721099307	-0.022579670953747702	0.005851123713482785	-3.8590315398249415	0.00011383724708994704	False	161316	187863
rs6726612	2	68165196	G	A	same	-0.0158736842619209	0.0039359782958139	5.507620148229899e-05	0.0043525346290277	0.0034622686380716	0.2087052211864071	-0.0202262188909486	0.005242063455099743	-3.858446023058251	0.00011411026201172233	False	161316	187863
rs755651	2	106681600	T	C	same	0.0676118794354569	0.066371093963159	0.3083479454045226	-0.2717173793997922	0.057707797969943	2.4954185535154133e-06	0.3393292588352491	0.08795062285399824	3.8581791444336906	0.00011423490704152912	False	161316	187863
rs1944202	11	106770253	G	A	same	0.0374341761664713	0.0122546091878632	0.0022528443219548	-0.025921596401387	0.010936144428838	0.0177751814176376	0.0633557725678583	0.016424819673764017	3.8573192172732873	0.00011463740807775759	False	161316	187863
rs7199918	16	12710955	G	A	same	0.0157829034504895	0.0055532482563195	0.0044817011745911	-0.0128294092665779	0.0049177981387694	0.0090868023925012	0.0286123127170674	0.007417769525268316	3.8572663412634722	0.00011466220104095317	False	161316	187863
rs995085	13	61188132	T	C	same	0.0127033680660396	0.0051973705966366	0.0145177257633812	-0.0140080750161436	0.0045826146810207	0.0022372351171056	0.0267114430821832	0.0069291426910902286	3.8549419853237907	0.000115757076230791	False	161316	187863
15:67495885:C:T	15	67495885	T	C	same	0.3013798756352784	0.1480511493203739	0.041785816237165	-0.5194982057466611	0.1531949059846134	0.0006961442059032	0.8208780813819394	0.21304417859852023	3.85308853206863	0.00011663719327608985	False	161316	187863
rs4961466	9	16110293	C	T	same	0.2197560412775146	0.2654687835707638	0.4077816789432907	-1.2463444687434757	0.272667628147749	4.85565940796818e-06	1.4661005100209903	0.38055395214116505	3.8525431197654356	0.0001168973830415597	False	161316	187863
rs40373	7	117714489	T	C	same	-0.0354536864796185	0.0141020002342798	0.0119340245470848	0.0365170626427088	0.0122575897107665	0.0028905968741996	-0.0719707491223273	0.018684617098702245	-3.851871769281592	0.00011721840336038195	False	161316	187863
rs12598598	16	72509460	T	G	same	-0.0098554211013763	0.0045941596482714	0.0319363408088176	0.0137345182005146	0.0040513445612595	0.0006986367241079	-0.0235899393018909	0.006125332287137745	-3.8512097297033403	0.00011753578547172117	False	161316	187863
rs11233068	11	81996622	T	C	same	-0.0154589054157837	0.0057516148668298	0.0071935135596757	0.0140957175636474	0.00508551510788	0.0055757824514887	-0.0295546229794311	0.0076774694716953	-3.84952660357567	0.00011834632992180774	False	161316	187863
rs9592052	13	61187430	T	C	same	0.0123114346211676	0.0051933529292238	0.0177585714935068	-0.0143376391888407	0.004578065211812	0.0017373113227507	0.0266490738100083	0.006923120375313482	3.8492865016523155	0.00011846238467264265	False	161316	187863
rs6946737	7	51418292	A	C	same	-0.0496069683233086	0.014907681354689	0.0008759400387471	0.026160863356948	0.0128957122060927	0.0424941354312362	-0.07576783168025661	0.01971137632625663	-3.843863078162113	0.00012111259573614426	False	161316	187863
rs117871852	15	96007804	T	G	same	0.0420314139193033	0.0126947980793138	0.0009299101772937	-0.0232058783371386	0.0112688983385249	0.0394669019011662	0.0652372922564419	0.016974862828269294	3.8431705113868833	0.00012145502262970762	False	161316	187863
rs2415718	14	42729746	C	A	same	-0.0111855901439521	0.0037187098574473	0.0026304041943535	0.0078581511878367	0.0032762644261106	0.0164619516974753	-0.0190437413317888	0.0049560782473316075	-3.8425021521890024	0.00012178634585041725	False	161316	187863
rs138623066	12	71092084	A	G	same	-0.1435207402668318	0.0622880299684446	0.0212144266114041	0.1708293760519919	0.0531119567702856	0.0012980909732337	-0.3143501163188237	0.08185767300209883	-3.8402034261438605	0.00012293240176211673	False	161316	187863
rs11233069	11	81998945	T	C	same	-0.0153562922283968	0.0057516395605942	0.0075874242194805	0.0141124347295516	0.0050858675569549	0.0055230006700426	-0.029468726957948402	0.007677721435548352	-3.8382125745675366	0.0001239331716937212	False	161316	187863
rs16903012	5	36421611	G	A	same	0.013001672383219	0.004385772872073	0.0030316430087388	-0.0094215513943071	0.0038654763522877	0.0147950059677857	0.022423223777526098	0.005846102215622549	3.8355853097478314	0.00012526561514639403	False	161316	187863
rs6757022	2	68160635	T	C	same	-0.0159430001725283	0.0039302191010443	4.98099616402622e-05	0.0041316860531633	0.0034573763907727	0.2320733265895808	-0.0200746862256916	0.005234507970161659	-3.8350665124828582	0.0001255303198393583	False	161316	187863
rs15710	8	95718448	C	T	same	0.0099022713149086	0.0036380904730502	0.0064921123771992	-0.0086748589336288	0.0032050670596396	0.006797454578737	0.0185771302485374	0.00484852112987924	3.831504442469057	0.00012736207430256527	False	161316	187863
